Date,ZoneID,AvgTemperature,Humidity,SpecialEvent,EnergyConsumption
2025-01-01,Zone_1,20.99,58.62,0,270.05
2025-01-01,Zone_2,20.64,62.79,0,363.52
2025-01-01,Zone_3,19.06,65.43,0,378.47
2025-01-01,Zone_4,18.15,33.87,0,440.4
2025-01-01,Zone_5,17.97,63.14,0,471.43
2025-01-02,Zone_1,15.89,53.71,0,286.49
2025-01-02,Zone_2,19.08,61.11,0,325.8
2025-01-02,Zone_3,22.07,62.91,0,384.95
2025-01-02,Zone_4,20.15,49.42,0,430.56
2025-01-02,Zone_5,20.95,47.35,0,508.37
2025-01-03,Zone_1,17.69,61.97,1,368.42
2025-01-03,Zone_2,22.11,49.91,0,309.61
2025-01-03,Zone_3,19.42,70.57,0,370.94
2025-01-03,Zone_4,20.61,65.82,0,462.5
2025-01-03,Zone_5,18.67,56.91,0,454.29
2025-01-04,Zone_1,22.72,58.22,0,289.05
2025-01-04,Zone_2,22.14,73.56,0,332.45
2025-01-04,Zone_3,20.36,69.73,0,411.87
2025-01-04,Zone_4,20.44,75.65,0,441.18
2025-01-04,Zone_5,20.39,45.81,0,504.94
2025-01-05,Zone_1,20.25,63.57,0,276.75
2025-01-05,Zone_2,22.18,57.88,0,336.93
2025-01-05,Zone_3,22.52,63.29,0,426.64
2025-01-05,Zone_4,21.04,56.91,0,455.03
2025-01-05,Zone_5,19.9,45.36,0,429.29
2025-01-06,Zone_1,21.55,56.04,0,286.89
2025-01-06,Zone_2,20.54,64.04,0,324.77
2025-01-06,Zone_3,23.67,59.81,0,367.44
2025-01-06,Zone_4,20.98,84.63,0,464.81
2025-01-06,Zone_5,20.34,54.25,0,479.72
2025-01-07,Zone_1,23.32,67.52,0,287.67
2025-01-07,Zone_2,23.8,74.05,0,386.27
2025-01-07,Zone_3,19.05,54.34,0,418.45
2025-01-07,Zone_4,22.78,60.09,0,441.07
2025-01-07,Zone_5,18.91,64.74,0,501.5
2025-01-08,Zone_1,20.88,56.12,0,272.99
2025-01-08,Zone_2,22.83,47.69,0,369.61
2025-01-08,Zone_3,26.28,56.76,0,403.1
2025-01-08,Zone_4,21.72,67.82,0,475.06
2025-01-08,Zone_5,19.47,66.18,0,515.83
2025-01-09,Zone_1,21.96,52.86,0,295.8
2025-01-09,Zone_2,18.94,70.49,0,368.57
2025-01-09,Zone_3,19.42,67.87,0,407.61
2025-01-09,Zone_4,23.91,64.24,0,472.66
2025-01-09,Zone_5,20.88,52.46,0,506.45
2025-01-10,Zone_1,21.06,72.09,0,310.0
2025-01-10,Zone_2,21.01,87.2,0,337.38
2025-01-10,Zone_3,23.5,60.42,0,397.96
2025-01-10,Zone_4,21.1,67.14,0,444.38
2025-01-10,Zone_5,23.02,55.48,0,512.35
2025-01-11,Zone_1,20.82,68.56,0,310.94
2025-01-11,Zone_2,21.9,66.3,0,384.1
2025-01-11,Zone_3,21.83,48.57,0,407.22
2025-01-11,Zone_4,23.85,50.41,0,474.38
2025-01-11,Zone_5,22.74,65.14,0,501.28
2025-01-12,Zone_1,23.63,74.37,0,308.21
2025-01-12,Zone_2,23.79,66.51,0,331.58
2025-01-12,Zone_3,18.88,61.65,0,370.35
2025-01-12,Zone_4,26.51,41.33,0,441.91
2025-01-12,Zone_5,22.04,51.07,0,484.97
2025-01-13,Zone_1,20.62,66.8,0,343.04
2025-01-13,Zone_2,25.74,73.63,1,460.61
2025-01-13,Zone_3,18.0,61.86,0,376.04
2025-01-13,Zone_4,18.71,52.28,0,465.51
2025-01-13,Zone_5,21.1,53.47,0,508.94
2025-01-14,Zone_1,24.75,63.77,0,339.17
2025-01-14,Zone_2,19.18,55.16,0,330.37
2025-01-14,Zone_3,25.96,59.81,0,389.14
2025-01-14,Zone_4,21.71,47.52,0,469.76
2025-01-14,Zone_5,24.87,58.72,0,494.64
2025-01-15,Zone_1,24.71,60.1,0,300.14
2025-01-15,Zone_2,22.51,66.47,0,353.28
2025-01-15,Zone_3,25.56,47.62,0,414.22
2025-01-15,Zone_4,22.53,64.39,1,527.61
2025-01-15,Zone_5,22.95,53.77,0,513.43
2025-01-16,Zone_1,21.62,53.78,0,284.65
2025-01-16,Zone_2,24.35,63.07,0,342.0
2025-01-16,Zone_3,24.31,65.52,0,391.48
2025-01-16,Zone_4,22.51,61.17,0,434.74
2025-01-16,Zone_5,24.88,75.53,0,503.61
2025-01-17,Zone_1,25.33,60.21,0,301.31
2025-01-17,Zone_2,24.43,57.29,1,419.67
2025-01-17,Zone_3,22.91,65.95,0,365.88
2025-01-17,Zone_4,21.83,72.05,0,427.57
2025-01-17,Zone_5,23.97,66.28,0,491.06
2025-01-18,Zone_1,22.87,39.1,0,323.56
2025-01-18,Zone_2,21.23,56.79,0,354.37
2025-01-18,Zone_3,25.6,55.67,0,408.71
2025-01-18,Zone_4,21.94,62.32,0,470.08
2025-01-18,Zone_5,21.93,53.36,0,519.67
2025-01-19,Zone_1,23.67,74.75,0,302.34
2025-01-19,Zone_2,23.04,53.18,0,344.74
2025-01-19,Zone_3,23.69,51.73,0,406.8
2025-01-19,Zone_4,23.23,45.54,0,425.57
2025-01-19,Zone_5,23.5,60.13,0,510.03
2025-01-20,Zone_1,23.32,82.76,0,319.47
2025-01-20,Zone_2,27.52,52.33,0,356.5
2025-01-20,Zone_3,25.17,45.47,0,413.91
2025-01-20,Zone_4,18.96,54.74,0,396.01
2025-01-20,Zone_5,23.94,65.71,0,524.08
2025-01-21,Zone_1,20.73,78.31,1,379.89
2025-01-21,Zone_2,22.81,62.95,0,327.96
2025-01-21,Zone_3,23.15,72.38,0,403.45
2025-01-21,Zone_4,23.26,62.59,1,537.14
2025-01-21,Zone_5,23.39,60.47,0,494.13
2025-01-22,Zone_1,20.34,46.31,0,294.88
2025-01-22,Zone_2,20.47,72.78,0,352.64
2025-01-22,Zone_3,27.63,61.15,0,444.49
2025-01-22,Zone_4,27.66,77.55,0,451.34
2025-01-22,Zone_5,23.0,74.89,0,524.0
2025-01-23,Zone_1,25.81,42.41,0,316.37
2025-01-23,Zone_2,23.42,62.0,0,307.85
2025-01-23,Zone_3,26.95,46.2,0,403.67
2025-01-23,Zone_4,25.29,57.19,1,501.17
2025-01-23,Zone_5,19.56,59.11,0,485.78
2025-01-24,Zone_1,23.71,48.99,0,305.37
2025-01-24,Zone_2,23.73,69.55,0,347.04
2025-01-24,Zone_3,22.91,51.85,0,383.46
2025-01-24,Zone_4,23.64,49.65,0,446.9
2025-01-24,Zone_5,19.29,58.98,0,488.21
2025-01-25,Zone_1,22.62,62.14,0,315.94
2025-01-25,Zone_2,22.77,52.64,0,356.23
2025-01-25,Zone_3,23.46,36.98,0,376.35
2025-01-25,Zone_4,19.63,68.51,0,423.39
2025-01-25,Zone_5,30.17,71.2,0,556.59
2025-01-26,Zone_1,19.26,51.89,0,265.63
2025-01-26,Zone_2,22.88,49.18,0,347.59
2025-01-26,Zone_3,25.99,70.55,0,426.33
2025-01-26,Zone_4,24.33,51.39,0,439.86
2025-01-26,Zone_5,27.34,56.12,0,496.7
2025-01-27,Zone_1,26.18,79.09,0,318.64
2025-01-27,Zone_2,24.58,56.39,0,347.17
2025-01-27,Zone_3,23.03,55.13,0,380.07
2025-01-27,Zone_4,23.24,34.97,1,530.89
2025-01-27,Zone_5,23.85,50.92,1,581.76
2025-01-28,Zone_1,25.03,52.76,0,290.82
2025-01-28,Zone_2,24.68,67.51,0,376.46
2025-01-28,Zone_3,22.96,54.35,0,376.01
2025-01-28,Zone_4,21.23,60.48,0,413.44
2025-01-28,Zone_5,26.08,48.61,0,507.89
2025-01-29,Zone_1,23.33,60.47,0,288.19
2025-01-29,Zone_2,26.16,71.06,0,379.43
2025-01-29,Zone_3,19.69,52.03,0,388.49
2025-01-29,Zone_4,24.81,64.88,0,488.49
2025-01-29,Zone_5,25.31,55.88,0,497.5
2025-01-30,Zone_1,24.15,65.43,0,325.86
2025-01-30,Zone_2,26.53,56.74,0,352.96
2025-01-30,Zone_3,27.39,53.24,0,364.18
2025-01-30,Zone_4,24.82,76.76,0,458.07
2025-01-30,Zone_5,26.43,68.92,0,515.68
2025-01-31,Zone_1,21.98,71.44,0,311.85
2025-01-31,Zone_2,27.43,69.66,0,368.77
2025-01-31,Zone_3,24.02,51.5,0,428.0
2025-01-31,Zone_4,25.74,56.52,0,472.07
2025-01-31,Zone_5,24.4,50.21,0,489.75
2025-02-01,Zone_1,23.98,69.64,0,326.23
2025-02-01,Zone_2,25.91,78.77,0,345.96
2025-02-01,Zone_3,24.06,61.71,0,419.75
2025-02-01,Zone_4,26.4,59.44,0,462.52
2025-02-01,Zone_5,30.37,57.97,0,521.05
2025-02-02,Zone_1,25.45,67.26,0,314.32
2025-02-02,Zone_2,26.12,62.5,0,336.81
2025-02-02,Zone_3,28.42,54.89,1,490.9
2025-02-02,Zone_4,26.8,85.39,0,483.56
2025-02-02,Zone_5,24.92,55.73,0,519.66
2025-02-03,Zone_1,20.74,57.7,0,303.63
2025-02-03,Zone_2,24.71,76.69,0,339.96
2025-02-03,Zone_3,25.08,59.93,0,378.83
2025-02-03,Zone_4,24.92,66.96,0,437.89
2025-02-03,Zone_5,26.41,52.01,1,581.95
2025-02-04,Zone_1,30.67,60.59,0,306.66
2025-02-04,Zone_2,26.87,58.85,0,363.15
2025-02-04,Zone_3,25.46,54.57,0,431.43
2025-02-04,Zone_4,20.21,39.22,0,405.41
2025-02-04,Zone_5,24.84,56.29,0,499.66
2025-02-05,Zone_1,26.72,68.33,0,287.8
2025-02-05,Zone_2,27.54,72.72,0,354.88
2025-02-05,Zone_3,24.21,60.99,0,400.52
2025-02-05,Zone_4,23.22,67.13,0,469.51
2025-02-05,Zone_5,23.79,62.35,0,507.59
2025-02-06,Zone_1,23.65,66.16,0,270.62
2025-02-06,Zone_2,29.34,47.58,0,345.48
2025-02-06,Zone_3,22.69,66.06,0,426.05
2025-02-06,Zone_4,21.47,42.47,1,504.74
2025-02-06,Zone_5,24.72,63.99,0,525.59
2025-02-07,Zone_1,25.89,56.64,0,332.9
2025-02-07,Zone_2,26.56,42.9,0,338.68
2025-02-07,Zone_3,25.11,47.12,0,400.91
2025-02-07,Zone_4,26.34,50.22,0,494.24
2025-02-07,Zone_5,27.38,55.31,0,520.34
2025-02-08,Zone_1,26.6,69.83,0,294.63
2025-02-08,Zone_2,27.11,58.42,0,376.66
2025-02-08,Zone_3,24.84,60.26,0,397.68
2025-02-08,Zone_4,26.48,45.66,0,463.89
2025-02-08,Zone_5,24.24,46.48,0,507.44
2025-02-09,Zone_1,22.71,80.81,1,382.46
2025-02-09,Zone_2,24.5,67.0,0,369.16
2025-02-09,Zone_3,23.18,59.95,0,386.34
2025-02-09,Zone_4,28.52,52.97,0,465.64
2025-02-09,Zone_5,25.55,79.75,0,515.58
2025-02-10,Zone_1,27.77,54.38,0,288.74
2025-02-10,Zone_2,28.21,42.37,0,378.71
2025-02-10,Zone_3,26.21,66.21,0,433.01
2025-02-10,Zone_4,26.59,68.17,0,476.24
2025-02-10,Zone_5,28.02,64.59,0,485.83
2025-02-11,Zone_1,26.37,68.18,0,315.88
2025-02-11,Zone_2,24.32,70.53,1,460.82
2025-02-11,Zone_3,26.33,55.35,0,424.38
2025-02-11,Zone_4,26.68,55.38,0,436.87
2025-02-11,Zone_5,29.04,57.39,0,518.52
2025-02-12,Zone_1,29.51,61.97,0,336.87
2025-02-12,Zone_2,27.18,46.51,0,366.51
2025-02-12,Zone_3,26.78,70.65,1,520.13
2025-02-12,Zone_4,25.25,54.9,0,403.51
2025-02-12,Zone_5,25.73,74.53,0,496.99
2025-02-13,Zone_1,28.33,57.0,0,297.4
2025-02-13,Zone_2,24.74,52.32,0,311.7
2025-02-13,Zone_3,24.33,49.29,1,491.29
2025-02-13,Zone_4,28.71,57.86,1,591.26
2025-02-13,Zone_5,25.42,71.67,0,544.51
2025-02-14,Zone_1,25.6,54.69,0,315.24
2025-02-14,Zone_2,25.62,55.04,1,431.03
2025-02-14,Zone_3,29.71,54.29,0,423.15
2025-02-14,Zone_4,26.12,52.95,0,440.75
2025-02-14,Zone_5,29.97,77.96,0,521.63
2025-02-15,Zone_1,28.16,65.43,0,338.88
2025-02-15,Zone_2,26.64,52.02,0,373.61
2025-02-15,Zone_3,25.09,51.59,0,400.91
2025-02-15,Zone_4,25.96,62.24,0,389.38
2025-02-15,Zone_5,25.25,72.06,0,518.65
2025-02-16,Zone_1,28.48,78.47,0,329.48
2025-02-16,Zone_2,27.73,69.33,0,376.28
2025-02-16,Zone_3,28.76,65.07,0,438.98
2025-02-16,Zone_4,30.18,53.51,0,476.91
2025-02-16,Zone_5,26.78,61.47,0,497.29
2025-02-17,Zone_1,28.23,64.18,0,324.78
2025-02-17,Zone_2,27.62,60.46,0,378.15
2025-02-17,Zone_3,24.54,74.95,0,415.36
2025-02-17,Zone_4,27.74,75.77,1,575.27
2025-02-17,Zone_5,24.35,61.76,0,512.11
2025-02-18,Zone_1,29.5,49.73,0,277.17
2025-02-18,Zone_2,29.28,55.2,0,368.01
2025-02-18,Zone_3,26.24,63.77,0,407.97
2025-02-18,Zone_4,23.28,67.32,0,475.11
2025-02-18,Zone_5,24.46,38.01,0,505.35
2025-02-19,Zone_1,29.44,71.22,0,350.15
2025-02-19,Zone_2,28.77,59.01,0,341.27
2025-02-19,Zone_3,30.79,68.98,0,422.73
2025-02-19,Zone_4,24.97,74.44,0,472.23
2025-02-19,Zone_5,27.41,62.7,0,508.98
2025-02-20,Zone_1,28.72,64.48,0,299.52
2025-02-20,Zone_2,28.23,72.49,0,380.76
2025-02-20,Zone_3,26.23,78.01,0,402.88
2025-02-20,Zone_4,27.55,44.09,0,466.0
2025-02-20,Zone_5,26.69,41.1,0,497.16
2025-02-21,Zone_1,26.32,84.72,0,311.4
2025-02-21,Zone_2,29.27,64.25,0,369.44
2025-02-21,Zone_3,26.55,57.37,1,480.27
2025-02-21,Zone_4,27.69,48.42,0,467.77
2025-02-21,Zone_5,31.26,51.24,0,520.14
2025-02-22,Zone_1,25.8,57.19,0,325.77
2025-02-22,Zone_2,29.05,55.07,0,355.78
2025-02-22,Zone_3,30.6,69.25,0,462.67
2025-02-22,Zone_4,28.52,63.93,0,481.15
2025-02-22,Zone_5,29.9,54.65,0,519.32
2025-02-23,Zone_1,29.81,58.02,0,344.79
2025-02-23,Zone_2,31.38,61.98,0,354.5
2025-02-23,Zone_3,26.85,66.19,0,436.23
2025-02-23,Zone_4,31.36,64.36,0,453.72
2025-02-23,Zone_5,29.04,54.98,0,518.83
2025-02-24,Zone_1,27.5,43.31,0,322.81
2025-02-24,Zone_2,29.76,41.36,0,341.93
2025-02-24,Zone_3,28.46,70.47,0,418.52
2025-02-24,Zone_4,31.58,43.67,0,455.11
2025-02-24,Zone_5,30.97,73.8,0,537.83
2025-02-25,Zone_1,26.74,63.24,0,306.02
2025-02-25,Zone_2,29.2,56.29,0,321.07
2025-02-25,Zone_3,28.59,48.44,0,416.36
2025-02-25,Zone_4,25.53,71.61,0,431.26
2025-02-25,Zone_5,27.57,39.05,0,507.32
2025-02-26,Zone_1,25.1,55.72,0,286.4
2025-02-26,Zone_2,29.26,68.47,0,396.45
2025-02-26,Zone_3,28.98,64.3,0,413.02
2025-02-26,Zone_4,28.97,56.73,0,454.27
2025-02-26,Zone_5,29.67,60.52,0,516.65
2025-02-27,Zone_1,26.24,58.1,0,316.74
2025-02-27,Zone_2,30.14,63.46,0,330.15
2025-02-27,Zone_3,34.19,51.29,0,436.27
2025-02-27,Zone_4,30.53,49.6,0,471.92
2025-02-27,Zone_5,27.01,70.73,0,513.12
2025-02-28,Zone_1,30.15,64.96,1,402.3
2025-02-28,Zone_2,32.41,69.63,0,388.21
2025-02-28,Zone_3,30.62,71.87,0,405.99
2025-02-28,Zone_4,31.67,52.28,0,477.08
2025-02-28,Zone_5,28.28,63.29,0,523.29
2025-03-01,Zone_1,31.37,65.64,0,334.04
2025-03-01,Zone_2,30.88,47.72,0,380.92
2025-03-01,Zone_3,29.77,72.9,0,420.53
2025-03-01,Zone_4,28.15,60.16,0,438.97
2025-03-01,Zone_5,25.21,51.15,0,532.26
2025-03-02,Zone_1,27.31,46.77,0,308.71
2025-03-02,Zone_2,27.19,70.9,0,397.69
2025-03-02,Zone_3,30.55,56.75,0,410.94
2025-03-02,Zone_4,28.55,48.43,0,429.2
2025-03-02,Zone_5,30.63,84.4,0,547.7
2025-03-03,Zone_1,29.83,57.47,1,406.05
2025-03-03,Zone_2,27.17,57.19,0,342.69
2025-03-03,Zone_3,26.71,69.71,0,402.62
2025-03-03,Zone_4,30.51,44.29,0,451.61
2025-03-03,Zone_5,25.5,58.66,0,502.65
2025-03-04,Zone_1,28.97,46.66,0,313.45
2025-03-04,Zone_2,26.88,73.97,0,366.14
2025-03-04,Zone_3,29.01,55.71,1,519.0
2025-03-04,Zone_4,29.53,57.16,0,475.18
2025-03-04,Zone_5,25.95,77.5,0,511.1
2025-03-05,Zone_1,30.34,67.47,0,310.75
2025-03-05,Zone_2,28.25,72.48,0,375.78
2025-03-05,Zone_3,27.28,82.23,0,398.19
2025-03-05,Zone_4,30.11,64.14,0,496.89
2025-03-05,Zone_5,32.09,44.63,0,523.93
2025-03-06,Zone_1,28.74,85.8,1,417.42
2025-03-06,Zone_2,27.38,45.64,0,316.69
2025-03-06,Zone_3,30.06,76.28,0,406.3
2025-03-06,Zone_4,27.5,54.13,0,455.61
2025-03-06,Zone_5,29.39,44.44,0,519.64
2025-03-07,Zone_1,33.23,48.27,0,299.16
2025-03-07,Zone_2,32.34,64.19,0,381.05
2025-03-07,Zone_3,27.63,50.09,0,420.54
2025-03-07,Zone_4,28.77,50.96,0,488.08
2025-03-07,Zone_5,26.57,54.66,0,478.89
2025-03-08,Zone_1,31.5,61.42,0,310.21
2025-03-08,Zone_2,29.52,54.73,0,373.16
2025-03-08,Zone_3,30.49,69.57,0,404.83
2025-03-08,Zone_4,27.29,52.96,1,533.57
2025-03-08,Zone_5,25.4,65.08,0,551.85
2025-03-09,Zone_1,26.88,68.36,0,315.44
2025-03-09,Zone_2,29.3,59.01,0,378.79
2025-03-09,Zone_3,30.34,54.93,0,413.76
2025-03-09,Zone_4,30.21,51.02,0,467.16
2025-03-09,Zone_5,29.48,57.75,0,521.27
2025-03-10,Zone_1,29.16,68.18,0,308.56
2025-03-10,Zone_2,30.27,34.74,0,359.46
2025-03-10,Zone_3,27.99,58.13,0,423.19
2025-03-10,Zone_4,29.32,41.98,0,446.01
2025-03-10,Zone_5,27.33,58.56,0,522.07
2025-03-11,Zone_1,26.71,50.33,0,313.64
2025-03-11,Zone_2,28.85,74.91,0,362.73
2025-03-11,Zone_3,28.45,56.33,0,399.39
2025-03-11,Zone_4,28.5,61.7,0,435.66
2025-03-11,Zone_5,31.1,65.0,0,571.57
2025-03-12,Zone_1,26.6,57.75,0,332.85
2025-03-12,Zone_2,28.71,68.79,0,385.75
2025-03-12,Zone_3,28.19,34.09,0,418.86
2025-03-12,Zone_4,27.75,61.09,0,441.41
2025-03-12,Zone_5,29.31,65.79,0,481.62
2025-03-13,Zone_1,33.52,48.07,0,323.79
2025-03-13,Zone_2,29.05,77.12,0,358.22
2025-03-13,Zone_3,24.85,62.85,1,490.1
2025-03-13,Zone_4,28.06,70.4,0,437.4
2025-03-13,Zone_5,28.59,59.12,0,533.74
2025-03-14,Zone_1,30.94,62.99,0,311.51
2025-03-14,Zone_2,29.79,48.09,0,364.68
2025-03-14,Zone_3,33.48,61.37,0,435.87
2025-03-14,Zone_4,28.55,51.98,0,487.6
2025-03-14,Zone_5,31.86,53.43,0,513.26
2025-03-15,Zone_1,28.64,62.83,0,303.17
2025-03-15,Zone_2,31.5,52.43,0,345.67
2025-03-15,Zone_3,28.51,62.81,0,398.41
2025-03-15,Zone_4,30.42,81.65,0,511.2
2025-03-15,Zone_5,33.11,67.46,0,544.92
2025-03-16,Zone_1,28.83,51.61,1,380.41
2025-03-16,Zone_2,27.0,42.62,0,313.35
2025-03-16,Zone_3,29.12,57.23,0,389.16
2025-03-16,Zone_4,31.39,63.04,0,481.0
2025-03-16,Zone_5,29.23,62.83,0,543.37
2025-03-17,Zone_1,29.33,68.89,0,337.13
2025-03-17,Zone_2,29.97,47.03,1,441.55
2025-03-17,Zone_3,29.44,68.13,0,433.94
2025-03-17,Zone_4,32.09,60.21,0,522.38
2025-03-17,Zone_5,31.76,41.01,0,517.36
2025-03-18,Zone_1,31.16,63.81,0,312.95
2025-03-18,Zone_2,30.61,57.5,0,370.2
2025-03-18,Zone_3,29.24,51.49,0,418.68
2025-03-18,Zone_4,26.86,67.2,0,493.1
2025-03-18,Zone_5,32.05,53.9,0,494.11
2025-03-19,Zone_1,27.49,55.46,0,293.79
2025-03-19,Zone_2,33.15,56.0,0,343.49
2025-03-19,Zone_3,32.62,76.81,0,421.23
2025-03-19,Zone_4,26.65,72.63,0,469.88
2025-03-19,Zone_5,28.03,82.14,0,519.24
2025-03-20,Zone_1,32.83,80.06,0,371.12
2025-03-20,Zone_2,31.65,53.75,0,388.39
2025-03-20,Zone_3,28.1,59.97,0,436.61
2025-03-20,Zone_4,28.44,69.48,0,483.71
2025-03-20,Zone_5,27.46,58.06,0,494.54
2025-03-21,Zone_1,29.51,64.8,0,293.62
2025-03-21,Zone_2,27.73,78.54,0,365.47
2025-03-21,Zone_3,30.3,71.47,0,420.56
2025-03-21,Zone_4,33.55,75.43,0,460.14
2025-03-21,Zone_5,27.43,54.72,0,525.08
2025-03-22,Zone_1,30.46,58.52,0,341.3
2025-03-22,Zone_2,29.42,56.31,0,374.46
2025-03-22,Zone_3,27.47,31.28,0,402.17
2025-03-22,Zone_4,29.06,31.29,0,449.59
2025-03-22,Zone_5,28.61,64.69,0,526.08
2025-03-23,Zone_1,28.7,63.53,0,320.29
2025-03-23,Zone_2,29.64,57.96,0,375.02
2025-03-23,Zone_3,29.4,51.6,0,395.55
2025-03-23,Zone_4,32.83,57.29,0,466.61
2025-03-23,Zone_5,29.82,61.02,0,497.34
2025-03-24,Zone_1,31.35,57.19,0,327.58
2025-03-24,Zone_2,30.05,67.02,0,375.59
2025-03-24,Zone_3,26.75,54.71,0,385.39
2025-03-24,Zone_4,31.01,46.67,1,594.65
2025-03-24,Zone_5,26.64,71.65,0,507.22
2025-03-25,Zone_1,28.82,66.33,0,310.62
2025-03-25,Zone_2,27.87,60.62,0,358.0
2025-03-25,Zone_3,30.2,63.79,0,458.74
2025-03-25,Zone_4,27.76,30.79,0,439.69
2025-03-25,Zone_5,33.92,77.7,0,519.92
2025-03-26,Zone_1,29.96,52.72,0,303.31
2025-03-26,Zone_2,29.8,53.72,0,378.32
2025-03-26,Zone_3,28.96,50.47,0,383.18
2025-03-26,Zone_4,30.11,56.4,0,478.76
2025-03-26,Zone_5,31.69,59.22,0,505.21
2025-03-27,Zone_1,29.93,70.38,0,335.09
2025-03-27,Zone_2,30.17,45.62,0,370.57
2025-03-27,Zone_3,32.68,71.88,0,444.71
2025-03-27,Zone_4,30.08,68.53,0,494.15
2025-03-27,Zone_5,31.25,68.34,1,599.38
2025-03-28,Zone_1,29.29,55.96,0,321.81
2025-03-28,Zone_2,31.48,58.0,0,350.18
2025-03-28,Zone_3,30.01,74.12,1,512.39
2025-03-28,Zone_4,29.87,71.49,0,504.0
2025-03-28,Zone_5,29.58,69.86,0,524.34
2025-03-29,Zone_1,29.44,77.93,0,331.76
2025-03-29,Zone_2,30.36,56.47,0,374.74
2025-03-29,Zone_3,30.58,78.08,0,437.8
2025-03-29,Zone_4,32.61,58.82,0,475.41
2025-03-29,Zone_5,25.49,55.02,0,523.84
2025-03-30,Zone_1,31.67,65.47,0,316.42
2025-03-30,Zone_2,29.16,53.37,0,323.58
2025-03-30,Zone_3,32.42,75.21,0,432.8
2025-03-30,Zone_4,32.43,60.38,0,480.2
2025-03-30,Zone_5,27.63,71.88,0,510.78
2025-03-31,Zone_1,31.04,54.91,0,336.13
2025-03-31,Zone_2,30.25,79.39,0,401.0
2025-03-31,Zone_3,27.36,67.24,0,429.04
2025-03-31,Zone_4,30.81,57.59,0,451.9
2025-03-31,Zone_5,30.29,42.95,0,466.81
2025-04-01,Zone_1,25.65,68.47,1,387.44
2025-04-01,Zone_2,28.11,57.78,0,371.66
2025-04-01,Zone_3,31.02,57.4,0,439.55
2025-04-01,Zone_4,28.94,66.59,0,462.4
2025-04-01,Zone_5,30.73,78.38,0,493.68
2025-04-02,Zone_1,29.41,43.94,0,325.77
2025-04-02,Zone_2,31.9,77.11,0,398.94
2025-04-02,Zone_3,28.7,60.83,1,487.18
2025-04-02,Zone_4,30.14,71.62,0,483.18
2025-04-02,Zone_5,32.33,62.65,0,541.15
2025-04-03,Zone_1,30.38,70.01,0,289.94
2025-04-03,Zone_2,28.62,74.74,0,366.2
2025-04-03,Zone_3,29.72,69.53,0,448.37
2025-04-03,Zone_4,33.5,49.86,0,491.08
2025-04-03,Zone_5,29.51,51.57,0,522.79
2025-04-04,Zone_1,30.28,74.79,0,340.46
2025-04-04,Zone_2,28.75,61.95,0,358.43
2025-04-04,Zone_3,25.58,57.8,0,364.28
2025-04-04,Zone_4,26.99,67.6,0,460.66
2025-04-04,Zone_5,30.01,70.84,0,513.9
2025-04-05,Zone_1,26.24,61.15,1,373.71
2025-04-05,Zone_2,29.6,51.14,0,369.74
2025-04-05,Zone_3,32.14,60.21,0,418.55
2025-04-05,Zone_4,28.68,46.22,0,422.0
2025-04-05,Zone_5,30.52,65.09,0,542.54
2025-04-06,Zone_1,28.89,61.45,0,305.11
2025-04-06,Zone_2,29.44,51.09,0,346.11
2025-04-06,Zone_3,29.37,75.21,0,415.88
2025-04-06,Zone_4,29.53,53.5,1,569.87
2025-04-06,Zone_5,32.29,71.76,0,498.08
2025-04-07,Zone_1,31.38,62.33,0,332.95
2025-04-07,Zone_2,31.24,60.58,0,359.12
2025-04-07,Zone_3,29.9,57.92,0,472.22
2025-04-07,Zone_4,29.0,40.41,0,471.84
2025-04-07,Zone_5,31.91,64.27,0,564.66
2025-04-08,Zone_1,28.46,50.56,0,288.77
2025-04-08,Zone_2,32.74,57.5,0,340.57
2025-04-08,Zone_3,28.56,41.64,0,429.94
2025-04-08,Zone_4,32.02,71.27,0,476.62
2025-04-08,Zone_5,27.52,50.36,0,499.14
2025-04-09,Zone_1,32.55,73.96,0,331.63
2025-04-09,Zone_2,28.51,71.1,0,347.4
2025-04-09,Zone_3,27.46,54.08,1,527.26
2025-04-09,Zone_4,29.01,59.54,0,443.86
2025-04-09,Zone_5,31.03,60.06,0,501.14
2025-04-10,Zone_1,29.19,41.96,1,381.44
2025-04-10,Zone_2,31.31,56.66,0,341.45
2025-04-10,Zone_3,26.94,65.29,0,372.68
2025-04-10,Zone_4,33.38,82.31,0,486.9
2025-04-10,Zone_5,32.37,49.37,0,504.31
2025-04-11,Zone_1,29.55,55.28,0,317.51
2025-04-11,Zone_2,30.87,69.61,0,340.94
2025-04-11,Zone_3,34.03,50.81,0,433.35
2025-04-11,Zone_4,31.69,79.61,0,507.41
2025-04-11,Zone_5,28.96,58.94,0,485.85
2025-04-12,Zone_1,30.34,62.66,0,357.74
2025-04-12,Zone_2,30.48,56.08,0,356.16
2025-04-12,Zone_3,31.61,58.75,1,480.74
2025-04-12,Zone_4,32.11,59.49,0,447.12
2025-04-12,Zone_5,28.17,66.4,0,503.22
2025-04-13,Zone_1,25.56,90.0,0,345.55
2025-04-13,Zone_2,29.16,64.15,1,479.38
2025-04-13,Zone_3,29.43,58.49,0,440.86
2025-04-13,Zone_4,29.42,58.65,0,487.66
2025-04-13,Zone_5,31.14,61.95,0,563.54
2025-04-14,Zone_1,29.31,69.52,0,344.72
2025-04-14,Zone_2,27.85,46.2,0,338.77
2025-04-14,Zone_3,28.43,54.64,0,429.74
2025-04-14,Zone_4,31.25,65.16,0,484.75
2025-04-14,Zone_5,28.61,66.97,0,542.96
2025-04-15,Zone_1,30.46,70.7,0,310.33
2025-04-15,Zone_2,29.71,43.6,0,328.28
2025-04-15,Zone_3,28.18,56.92,0,413.59
2025-04-15,Zone_4,30.98,55.37,0,466.23
2025-04-15,Zone_5,31.08,69.38,0,524.7
2025-04-16,Zone_1,28.3,50.02,0,294.65
2025-04-16,Zone_2,31.38,58.06,0,342.36
2025-04-16,Zone_3,29.46,60.79,0,419.23
2025-04-16,Zone_4,32.44,46.91,0,470.94
2025-04-16,Zone_5,31.73,81.87,0,510.32
2025-04-17,Zone_1,30.1,55.08,0,334.71
2025-04-17,Zone_2,30.8,62.37,0,400.97
2025-04-17,Zone_3,30.46,54.91,0,382.18
2025-04-17,Zone_4,29.62,63.35,0,451.6
2025-04-17,Zone_5,28.03,71.21,0,507.18
2025-04-18,Zone_1,29.67,69.55,0,303.11
2025-04-18,Zone_2,31.28,51.33,0,364.06
2025-04-18,Zone_3,28.08,67.29,0,408.12
2025-04-18,Zone_4,30.16,61.94,0,466.92
2025-04-18,Zone_5,31.15,59.34,0,562.75
2025-04-19,Zone_1,32.43,69.26,0,342.37
2025-04-19,Zone_2,27.95,61.92,0,366.19
2025-04-19,Zone_3,29.76,61.97,0,424.35
2025-04-19,Zone_4,29.02,55.62,0,467.66
2025-04-19,Zone_5,29.59,66.01,0,492.94
2025-04-20,Zone_1,29.12,45.95,0,282.0
2025-04-20,Zone_2,28.63,74.52,0,365.22
2025-04-20,Zone_3,30.5,56.29,0,461.73
2025-04-20,Zone_4,30.88,49.28,0,452.43
2025-04-20,Zone_5,28.7,72.75,0,538.68
2025-04-21,Zone_1,27.1,76.43,0,323.37
2025-04-21,Zone_2,29.19,51.22,0,334.92
2025-04-21,Zone_3,29.57,49.98,0,383.18
2025-04-21,Zone_4,27.22,57.82,0,407.78
2025-04-21,Zone_5,34.31,67.85,0,547.61
2025-04-22,Zone_1,29.34,80.18,0,332.45
2025-04-22,Zone_2,30.86,67.18,0,371.41
2025-04-22,Zone_3,29.81,69.81,0,409.5
2025-04-22,Zone_4,26.95,45.32,0,473.28
2025-04-22,Zone_5,26.72,66.7,0,527.06
2025-04-23,Zone_1,26.17,51.72,0,289.5
2025-04-23,Zone_2,27.77,76.71,0,369.53
2025-04-23,Zone_3,29.41,62.31,1,495.27
2025-04-23,Zone_4,28.07,53.38,0,448.94
2025-04-23,Zone_5,31.93,65.58,0,535.1
2025-04-24,Zone_1,28.57,47.02,0,340.78
2025-04-24,Zone_2,27.69,47.42,1,431.51
2025-04-24,Zone_3,25.64,63.3,0,420.96
2025-04-24,Zone_4,27.64,80.9,0,474.12
2025-04-24,Zone_5,30.48,60.04,0,488.92
2025-04-25,Zone_1,28.86,56.43,0,358.55
2025-04-25,Zone_2,25.45,54.36,0,351.88
2025-04-25,Zone_3,26.39,57.33,0,416.81
2025-04-25,Zone_4,29.99,60.48,0,476.83
2025-04-25,Zone_5,33.29,46.37,0,526.31
2025-04-26,Zone_1,29.26,65.49,1,388.9
2025-04-26,Zone_2,30.03,60.19,0,368.48
2025-04-26,Zone_3,26.69,50.39,0,421.88
2025-04-26,Zone_4,27.26,64.72,0,464.02
2025-04-26,Zone_5,32.3,66.18,0,525.84
2025-04-27,Zone_1,26.61,66.05,0,322.23
2025-04-27,Zone_2,30.53,58.46,0,353.38
2025-04-27,Zone_3,33.31,57.53,0,413.52
2025-04-27,Zone_4,25.97,46.56,0,419.13
2025-04-27,Zone_5,25.37,70.08,0,519.29
2025-04-28,Zone_1,25.87,73.79,0,289.62
2025-04-28,Zone_2,29.06,50.46,0,366.69
2025-04-28,Zone_3,28.65,44.6,0,447.93
2025-04-28,Zone_4,32.27,61.04,0,492.91
2025-04-28,Zone_5,28.45,74.11,0,514.3
2025-04-29,Zone_1,26.06,59.88,0,297.09
2025-04-29,Zone_2,26.91,56.34,0,367.76
2025-04-29,Zone_3,23.75,61.99,0,392.67
2025-04-29,Zone_4,30.87,70.37,0,492.62
2025-04-29,Zone_5,25.4,63.2,0,521.61
2025-04-30,Zone_1,23.76,52.68,0,277.17
2025-04-30,Zone_2,30.24,48.51,0,359.94
2025-04-30,Zone_3,31.15,49.38,0,394.17
2025-04-30,Zone_4,27.95,64.62,0,495.36
2025-04-30,Zone_5,25.44,54.02,0,507.9
2025-05-01,Zone_1,27.14,65.23,0,325.4
2025-05-01,Zone_2,29.01,44.12,0,374.95
2025-05-01,Zone_3,28.03,62.5,0,369.16
2025-05-01,Zone_4,29.11,70.82,0,492.66
2025-05-01,Zone_5,29.26,64.98,0,511.82
2025-05-02,Zone_1,30.07,54.64,0,328.33
2025-05-02,Zone_2,29.6,67.79,0,385.36
2025-05-02,Zone_3,28.89,36.09,0,403.23
2025-05-02,Zone_4,30.11,68.49,0,473.36
2025-05-02,Zone_5,29.63,67.74,0,502.72
2025-05-03,Zone_1,29.63,60.5,0,355.53
2025-05-03,Zone_2,28.71,57.62,0,370.32
2025-05-03,Zone_3,24.32,70.97,0,386.12
2025-05-03,Zone_4,26.61,63.77,0,477.9
2025-05-03,Zone_5,30.0,46.34,0,514.56
2025-05-04,Zone_1,27.26,49.98,0,284.74
2025-05-04,Zone_2,25.5,71.13,0,348.35
2025-05-04,Zone_3,28.24,52.96,0,429.84
2025-05-04,Zone_4,26.31,72.36,0,475.93
2025-05-04,Zone_5,28.24,73.87,0,544.58
2025-05-05,Zone_1,27.73,46.74,0,300.68
2025-05-05,Zone_2,27.4,54.93,1,406.28
2025-05-05,Zone_3,28.52,52.42,0,442.03
2025-05-05,Zone_4,27.23,53.57,0,492.49
2025-05-05,Zone_5,25.46,53.5,0,468.18
2025-05-06,Zone_1,28.1,69.48,1,373.33
2025-05-06,Zone_2,26.92,61.77,0,359.96
2025-05-06,Zone_3,28.73,61.97,0,400.92
2025-05-06,Zone_4,25.76,68.3,0,485.23
2025-05-06,Zone_5,30.39,44.25,0,531.81
2025-05-07,Zone_1,30.3,62.71,1,397.96
2025-05-07,Zone_2,28.82,76.64,0,389.27
2025-05-07,Zone_3,27.8,59.57,0,406.65
2025-05-07,Zone_4,25.02,58.9,0,464.45
2025-05-07,Zone_5,29.39,49.8,1,575.79
2025-05-08,Zone_1,27.88,63.17,0,319.03
2025-05-08,Zone_2,27.29,43.93,0,354.16
2025-05-08,Zone_3,27.99,75.68,0,447.62
2025-05-08,Zone_4,27.16,62.63,0,469.98
2025-05-08,Zone_5,29.3,53.01,0,497.0
2025-05-09,Zone_1,27.93,52.84,0,342.51
2025-05-09,Zone_2,30.06,64.08,0,381.27
2025-05-09,Zone_3,28.22,67.43,0,446.7
2025-05-09,Zone_4,29.43,61.54,0,503.29
2025-05-09,Zone_5,29.43,57.91,0,482.89
2025-05-10,Zone_1,28.53,68.1,0,314.25
2025-05-10,Zone_2,27.5,74.53,0,386.38
2025-05-10,Zone_3,25.93,43.85,0,358.99
2025-05-10,Zone_4,26.86,68.6,0,451.08
2025-05-10,Zone_5,27.97,67.93,0,517.55
2025-05-11,Zone_1,26.87,74.44,0,303.84
2025-05-11,Zone_2,26.87,65.43,0,342.55
2025-05-11,Zone_3,29.0,69.68,0,401.68
2025-05-11,Zone_4,25.62,61.0,0,424.17
2025-05-11,Zone_5,25.15,46.78,0,485.49
2025-05-12,Zone_1,29.76,48.54,0,286.28
2025-05-12,Zone_2,27.29,51.49,0,329.6
2025-05-12,Zone_3,27.78,64.18,0,432.36
2025-05-12,Zone_4,28.59,66.07,0,446.74
2025-05-12,Zone_5,28.47,50.12,0,521.16
2025-05-13,Zone_1,26.8,57.05,0,311.18
2025-05-13,Zone_2,31.13,57.19,0,380.48
2025-05-13,Zone_3,27.2,56.92,0,381.72
2025-05-13,Zone_4,28.84,58.54,0,453.93
2025-05-13,Zone_5,29.68,80.88,0,556.32
2025-05-14,Zone_1,22.87,70.86,0,325.13
2025-05-14,Zone_2,22.26,60.03,0,357.76
2025-05-14,Zone_3,31.97,62.52,0,408.82
2025-05-14,Zone_4,25.74,55.92,0,445.71
2025-05-14,Zone_5,24.96,58.68,0,507.75
2025-05-15,Zone_1,26.81,59.5,0,309.27
2025-05-15,Zone_2,25.88,80.29,0,386.96
2025-05-15,Zone_3,27.97,77.59,0,429.94
2025-05-15,Zone_4,28.09,39.14,0,450.1
2025-05-15,Zone_5,24.77,57.97,0,501.5
2025-05-16,Zone_1,29.34,58.15,0,303.14
2025-05-16,Zone_2,27.21,60.58,0,356.41
2025-05-16,Zone_3,29.18,64.96,0,420.9
2025-05-16,Zone_4,26.08,62.11,0,453.41
2025-05-16,Zone_5,29.99,49.22,0,500.8
2025-05-17,Zone_1,25.93,58.15,0,342.1
2025-05-17,Zone_2,26.61,72.89,0,385.64
2025-05-17,Zone_3,28.48,48.62,0,415.12
2025-05-17,Zone_4,30.2,73.97,0,485.88
2025-05-17,Zone_5,27.34,74.1,0,540.57
2025-05-18,Zone_1,30.11,52.79,0,327.3
2025-05-18,Zone_2,27.65,64.63,1,456.09
2025-05-18,Zone_3,29.94,67.84,0,429.95
2025-05-18,Zone_4,24.99,63.98,0,437.21
2025-05-18,Zone_5,28.92,53.7,0,493.45
2025-05-19,Zone_1,26.19,45.94,1,354.1
2025-05-19,Zone_2,26.99,62.22,0,352.51
2025-05-19,Zone_3,27.95,70.31,0,437.55
2025-05-19,Zone_4,24.74,60.98,0,453.64
2025-05-19,Zone_5,24.58,51.05,0,479.0
2025-05-20,Zone_1,28.21,44.74,0,319.36
2025-05-20,Zone_2,27.91,66.26,0,347.88
2025-05-20,Zone_3,29.68,55.4,0,415.4
2025-05-20,Zone_4,27.51,44.35,0,429.99
2025-05-20,Zone_5,29.14,66.71,1,594.92
2025-05-21,Zone_1,27.35,63.16,0,299.49
2025-05-21,Zone_2,26.93,71.61,0,350.38
2025-05-21,Zone_3,24.65,57.56,0,427.02
2025-05-21,Zone_4,25.49,41.88,0,460.21
2025-05-21,Zone_5,27.92,73.29,0,541.85
2025-05-22,Zone_1,30.59,69.67,0,333.22
2025-05-22,Zone_2,26.84,60.24,0,396.02
2025-05-22,Zone_3,25.57,46.46,0,388.87
2025-05-22,Zone_4,27.29,39.0,0,473.73
2025-05-22,Zone_5,27.65,66.92,0,548.36
2025-05-23,Zone_1,30.33,54.94,0,329.62
2025-05-23,Zone_2,26.1,60.01,0,332.77
2025-05-23,Zone_3,28.44,73.41,0,430.12
2025-05-23,Zone_4,24.38,47.94,0,454.57
2025-05-23,Zone_5,30.39,54.69,0,528.99
2025-05-24,Zone_1,28.95,68.47,0,331.08
2025-05-24,Zone_2,26.37,65.58,0,339.85
2025-05-24,Zone_3,25.66,43.45,1,489.49
2025-05-24,Zone_4,29.8,75.73,0,461.11
2025-05-24,Zone_5,25.99,69.32,0,517.85
2025-05-25,Zone_1,23.89,66.23,0,301.46
2025-05-25,Zone_2,26.58,51.04,0,375.17
2025-05-25,Zone_3,26.66,68.2,1,517.93
2025-05-25,Zone_4,25.91,58.18,0,447.13
2025-05-25,Zone_5,25.74,52.53,0,490.3
2025-05-26,Zone_1,24.61,42.7,0,290.55
2025-05-26,Zone_2,25.5,57.59,1,401.26
2025-05-26,Zone_3,25.09,53.87,0,423.25
2025-05-26,Zone_4,25.04,56.48,0,480.75
2025-05-26,Zone_5,23.74,56.21,0,505.96
2025-05-27,Zone_1,25.81,51.52,0,330.24
2025-05-27,Zone_2,26.44,62.36,0,339.25
2025-05-27,Zone_3,26.58,49.96,0,387.78
2025-05-27,Zone_4,25.83,41.14,0,440.18
2025-05-27,Zone_5,25.64,53.64,0,514.59
2025-05-28,Zone_1,29.02,71.29,0,336.34
2025-05-28,Zone_2,26.53,40.72,0,326.25
2025-05-28,Zone_3,24.74,77.03,0,411.24
2025-05-28,Zone_4,28.23,59.38,0,458.92
2025-05-28,Zone_5,27.85,54.74,0,471.62
2025-05-29,Zone_1,25.11,57.0,1,389.07
2025-05-29,Zone_2,23.09,56.49,0,401.19
2025-05-29,Zone_3,26.19,44.83,0,383.13
2025-05-29,Zone_4,26.4,47.08,0,458.56
2025-05-29,Zone_5,24.38,54.61,0,508.05
2025-05-30,Zone_1,25.07,60.67,0,314.45
2025-05-30,Zone_2,27.89,54.87,0,363.42
2025-05-30,Zone_3,23.76,64.02,0,412.66
2025-05-30,Zone_4,23.25,66.81,0,445.94
2025-05-30,Zone_5,26.53,62.96,0,518.58
2025-05-31,Zone_1,24.03,64.58,0,290.1
2025-05-31,Zone_2,24.78,68.29,0,357.95
2025-05-31,Zone_3,23.43,53.32,0,395.57
2025-05-31,Zone_4,27.09,75.91,0,465.1
2025-05-31,Zone_5,19.81,55.0,0,510.37
2025-06-01,Zone_1,24.43,54.01,0,278.09
2025-06-01,Zone_2,26.7,62.15,0,348.15
2025-06-01,Zone_3,25.16,60.56,0,395.53
2025-06-01,Zone_4,24.59,62.87,0,424.13
2025-06-01,Zone_5,24.56,62.49,0,487.05
2025-06-02,Zone_1,24.18,48.7,0,325.47
2025-06-02,Zone_2,23.78,63.25,0,344.05
2025-06-02,Zone_3,26.38,78.49,1,485.59
2025-06-02,Zone_4,24.68,75.34,0,464.47
2025-06-02,Zone_5,24.62,59.36,1,593.66
2025-06-03,Zone_1,25.25,66.95,0,279.99
2025-06-03,Zone_2,26.6,55.44,1,444.15
2025-06-03,Zone_3,25.93,50.37,1,463.36
2025-06-03,Zone_4,26.61,74.73,1,525.44
2025-06-03,Zone_5,22.3,58.91,0,480.38
2025-06-04,Zone_1,26.7,55.34,1,378.41
2025-06-04,Zone_2,22.4,49.05,1,427.7
2025-06-04,Zone_3,24.88,30.09,0,431.2
2025-06-04,Zone_4,23.97,68.25,0,472.35
2025-06-04,Zone_5,22.81,77.47,0,501.77
2025-06-05,Zone_1,25.75,48.96,0,320.2
2025-06-05,Zone_2,23.5,49.43,0,349.81
2025-06-05,Zone_3,27.98,59.37,0,376.63
2025-06-05,Zone_4,21.82,79.87,0,457.86
2025-06-05,Zone_5,22.54,57.23,0,510.54
2025-06-06,Zone_1,25.49,62.0,0,345.66
2025-06-06,Zone_2,26.02,57.83,0,374.18
2025-06-06,Zone_3,24.16,60.93,0,382.38
2025-06-06,Zone_4,24.21,61.49,0,439.79
2025-06-06,Zone_5,24.55,57.88,0,467.7
2025-06-07,Zone_1,25.41,59.34,0,314.93
2025-06-07,Zone_2,23.42,78.88,0,331.38
2025-06-07,Zone_3,25.56,41.34,0,417.91
2025-06-07,Zone_4,24.06,73.26,0,481.89
2025-06-07,Zone_5,23.21,49.22,0,481.51
2025-06-08,Zone_1,21.05,31.68,0,267.89
2025-06-08,Zone_2,21.49,64.84,0,356.13
2025-06-08,Zone_3,20.35,56.11,1,475.84
2025-06-08,Zone_4,28.01,59.73,0,453.61
2025-06-08,Zone_5,25.0,50.18,1,614.56
2025-06-09,Zone_1,24.93,58.65,0,290.0
2025-06-09,Zone_2,25.16,61.57,0,351.92
2025-06-09,Zone_3,22.68,38.15,0,409.98
2025-06-09,Zone_4,24.79,71.97,0,451.04
2025-06-09,Zone_5,23.36,49.31,0,458.99
2025-06-10,Zone_1,22.67,62.04,0,291.48
2025-06-10,Zone_2,23.08,48.0,0,337.39
2025-06-10,Zone_3,20.75,63.22,0,400.92
2025-06-10,Zone_4,23.27,73.7,0,485.24
2025-06-10,Zone_5,24.18,76.32,0,543.23
2025-06-11,Zone_1,22.61,57.01,0,301.82
2025-06-11,Zone_2,26.02,61.4,0,373.4
2025-06-11,Zone_3,23.19,66.55,0,393.38
2025-06-11,Zone_4,19.71,61.44,0,435.35
2025-06-11,Zone_5,23.45,75.08,0,494.03
2025-06-12,Zone_1,25.54,65.84,1,416.47
2025-06-12,Zone_2,22.51,60.73,0,341.16
2025-06-12,Zone_3,22.0,63.61,1,486.67
2025-06-12,Zone_4,21.15,52.85,0,419.31
2025-06-12,Zone_5,21.13,57.17,0,521.9
2025-06-13,Zone_1,22.34,51.6,0,288.33
2025-06-13,Zone_2,25.39,76.55,0,356.98
2025-06-13,Zone_3,22.28,54.06,0,391.74
2025-06-13,Zone_4,19.48,73.18,0,441.37
2025-06-13,Zone_5,23.36,53.23,0,516.78
2025-06-14,Zone_1,19.67,74.95,1,341.8
2025-06-14,Zone_2,23.81,49.8,1,445.03
2025-06-14,Zone_3,24.82,38.73,0,418.04
2025-06-14,Zone_4,22.59,54.09,0,457.93
2025-06-14,Zone_5,22.91,51.03,0,507.79
2025-06-15,Zone_1,21.42,59.89,0,281.05
2025-06-15,Zone_2,20.89,43.69,0,339.56
2025-06-15,Zone_3,20.59,66.08,0,409.11
2025-06-15,Zone_4,22.05,53.05,0,476.64
2025-06-15,Zone_5,21.24,75.68,0,484.36
2025-06-16,Zone_1,20.17,67.76,0,288.13
2025-06-16,Zone_2,24.02,55.31,0,321.16
2025-06-16,Zone_3,24.75,65.16,0,399.33
2025-06-16,Zone_4,25.17,64.82,0,443.99
2025-06-16,Zone_5,20.41,68.94,0,507.8
2025-06-17,Zone_1,24.87,70.53,0,314.34
2025-06-17,Zone_2,27.2,53.82,0,321.79
2025-06-17,Zone_3,21.07,71.45,0,403.12
2025-06-17,Zone_4,23.01,64.25,0,480.54
2025-06-17,Zone_5,23.23,66.63,0,488.51
2025-06-18,Zone_1,24.27,64.51,0,323.1
2025-06-18,Zone_2,25.85,76.23,0,384.0
2025-06-18,Zone_3,19.16,54.76,0,399.43
2025-06-18,Zone_4,20.4,66.19,0,417.95
2025-06-18,Zone_5,23.04,50.12,0,488.45
2025-06-19,Zone_1,18.07,57.91,0,293.84
2025-06-19,Zone_2,20.16,79.11,0,339.12
2025-06-19,Zone_3,20.56,62.19,0,394.33
2025-06-19,Zone_4,22.67,69.38,0,437.25
2025-06-19,Zone_5,22.3,61.96,0,481.94
2025-06-20,Zone_1,21.79,67.72,0,279.27
2025-06-20,Zone_2,24.21,79.02,1,447.03
2025-06-20,Zone_3,23.41,70.58,0,403.22
2025-06-20,Zone_4,22.64,66.53,0,428.43
2025-06-20,Zone_5,21.66,60.46,0,518.51
2025-06-21,Zone_1,19.48,40.3,0,292.75
2025-06-21,Zone_2,22.43,66.46,0,381.22
2025-06-21,Zone_3,20.65,56.22,0,395.61
2025-06-21,Zone_4,20.13,73.55,0,447.68
2025-06-21,Zone_5,21.37,66.08,0,552.46
2025-06-22,Zone_1,17.49,68.76,0,259.08
2025-06-22,Zone_2,20.61,57.17,0,328.03
2025-06-22,Zone_3,24.63,35.12,0,380.23
2025-06-22,Zone_4,23.83,51.82,0,414.74
2025-06-22,Zone_5,19.49,71.37,0,475.82
2025-06-23,Zone_1,22.28,77.32,0,319.56
2025-06-23,Zone_2,22.69,63.62,0,364.79
2025-06-23,Zone_3,24.51,55.4,0,366.46
2025-06-23,Zone_4,20.91,64.16,0,495.89
2025-06-23,Zone_5,20.34,51.47,0,488.47
2025-06-24,Zone_1,21.85,50.96,0,304.18
2025-06-24,Zone_2,18.92,79.71,0,346.22
2025-06-24,Zone_3,23.29,44.54,0,399.03
2025-06-24,Zone_4,24.03,51.98,0,475.41
2025-06-24,Zone_5,18.73,58.51,0,444.93
2025-06-25,Zone_1,22.91,56.26,0,293.73
2025-06-25,Zone_2,19.23,72.3,0,372.37
2025-06-25,Zone_3,20.13,37.44,1,435.54
2025-06-25,Zone_4,20.25,56.59,0,437.28
2025-06-25,Zone_5,21.96,58.19,0,485.1
2025-06-26,Zone_1,22.03,50.2,1,329.9
2025-06-26,Zone_2,19.74,50.72,0,329.81
2025-06-26,Zone_3,17.53,46.45,0,415.67
2025-06-26,Zone_4,19.56,61.73,1,529.75
2025-06-26,Zone_5,20.96,48.05,0,450.97
2025-06-27,Zone_1,23.93,51.67,0,290.38
2025-06-27,Zone_2,21.96,52.72,0,343.85
2025-06-27,Zone_3,19.58,69.96,0,398.83
2025-06-27,Zone_4,23.16,54.36,0,449.13
2025-06-27,Zone_5,19.36,57.96,0,503.14
2025-06-28,Zone_1,20.63,59.24,0,276.37
2025-06-28,Zone_2,21.12,72.02,0,355.71
2025-06-28,Zone_3,25.32,55.96,0,389.79
2025-06-28,Zone_4,22.57,65.6,0,434.24
2025-06-28,Zone_5,21.65,34.68,0,486.01
2025-06-29,Zone_1,21.55,73.79,1,379.87
2025-06-29,Zone_2,19.25,55.97,0,310.45
2025-06-29,Zone_3,23.66,61.32,1,469.85
2025-06-29,Zone_4,18.02,54.68,0,437.91
2025-06-29,Zone_5,23.02,71.41,0,493.58
2025-06-30,Zone_1,21.32,71.01,0,269.03
2025-06-30,Zone_2,23.92,60.52,0,363.57
2025-06-30,Zone_3,21.58,47.24,0,416.36
2025-06-30,Zone_4,21.54,44.56,0,439.54
2025-06-30,Zone_5,20.21,51.95,0,476.25
2025-07-01,Zone_1,19.16,54.62,0,282.08
2025-07-01,Zone_2,14.4,80.53,0,329.51
2025-07-01,Zone_3,20.64,52.72,0,388.46
2025-07-01,Zone_4,23.65,78.97,0,471.37
2025-07-01,Zone_5,20.4,81.04,0,513.63
2025-07-02,Zone_1,19.18,57.81,0,253.69
2025-07-02,Zone_2,20.33,63.19,0,345.19
2025-07-02,Zone_3,22.04,38.94,0,363.33
2025-07-02,Zone_4,23.63,33.59,0,431.21
2025-07-02,Zone_5,18.06,54.85,0,483.83
2025-07-03,Zone_1,20.93,50.84,0,310.89
2025-07-03,Zone_2,19.26,57.87,0,349.13
2025-07-03,Zone_3,21.99,45.96,1,521.86
2025-07-03,Zone_4,19.55,56.43,0,446.91
2025-07-03,Zone_5,19.22,55.04,0,497.08
2025-07-04,Zone_1,20.39,59.39,0,278.91
2025-07-04,Zone_2,21.9,54.46,0,374.91
2025-07-04,Zone_3,20.61,64.75,0,397.41
2025-07-04,Zone_4,19.01,57.5,0,414.38
2025-07-04,Zone_5,20.75,35.07,1,567.74
2025-07-05,Zone_1,17.91,49.99,0,273.06
2025-07-05,Zone_2,18.41,48.26,0,276.81
2025-07-05,Zone_3,18.53,71.43,0,356.64
2025-07-05,Zone_4,19.36,47.61,0,403.95
2025-07-05,Zone_5,20.25,72.05,0,484.28
2025-07-06,Zone_1,21.16,49.23,0,301.22
2025-07-06,Zone_2,21.05,57.38,0,390.68
2025-07-06,Zone_3,18.33,44.32,0,340.22
2025-07-06,Zone_4,19.64,59.98,0,434.34
2025-07-06,Zone_5,20.68,61.23,0,474.83
2025-07-07,Zone_1,19.1,68.53,0,333.98
2025-07-07,Zone_2,21.14,60.52,0,362.41
2025-07-07,Zone_3,19.6,72.53,0,402.89
2025-07-07,Zone_4,19.87,61.94,0,429.13
2025-07-07,Zone_5,17.65,53.71,0,464.81
2025-07-08,Zone_1,23.3,73.31,0,292.07
2025-07-08,Zone_2,19.45,45.11,0,332.8
2025-07-08,Zone_3,21.53,56.04,0,419.36
2025-07-08,Zone_4,21.42,58.93,0,463.71
2025-07-08,Zone_5,21.57,71.46,1,593.44
2025-07-09,Zone_1,18.16,57.23,0,292.1
2025-07-09,Zone_2,22.98,60.01,0,364.79
2025-07-09,Zone_3,20.46,51.93,0,353.48
2025-07-09,Zone_4,18.95,61.11,1,537.5
2025-07-09,Zone_5,17.48,67.6,1,587.34
2025-07-10,Zone_1,16.74,57.16,0,289.42
2025-07-10,Zone_2,21.96,60.22,0,316.77
2025-07-10,Zone_3,22.51,50.52,0,382.76
2025-07-10,Zone_4,15.88,51.67,0,410.7
2025-07-10,Zone_5,18.24,67.44,0,458.28
2025-07-11,Zone_1,16.23,59.77,0,264.0
2025-07-11,Zone_2,16.92,48.86,0,317.64
2025-07-11,Zone_3,19.98,54.35,0,395.57
2025-07-11,Zone_4,18.84,63.64,0,482.76
2025-07-11,Zone_5,18.56,49.54,0,481.03
2025-07-12,Zone_1,19.12,63.12,0,286.34
2025-07-12,Zone_2,19.05,72.03,0,358.68
2025-07-12,Zone_3,18.09,63.39,0,393.99
2025-07-12,Zone_4,16.93,68.46,0,458.04
2025-07-12,Zone_5,18.24,60.73,0,481.02
2025-07-13,Zone_1,21.82,56.49,0,314.69
2025-07-13,Zone_2,18.56,72.29,0,343.65
2025-07-13,Zone_3,21.82,51.4,0,437.04
2025-07-13,Zone_4,19.27,68.39,0,451.47
2025-07-13,Zone_5,20.08,50.22,0,513.47
2025-07-14,Zone_1,16.89,63.33,0,283.79
2025-07-14,Zone_2,18.41,46.15,0,344.16
2025-07-14,Zone_3,17.75,63.08,0,364.34
2025-07-14,Zone_4,17.43,60.24,1,507.12
2025-07-14,Zone_5,15.16,46.84,0,414.46
2025-07-15,Zone_1,19.75,60.15,0,310.28
2025-07-15,Zone_2,17.5,58.94,0,300.91
2025-07-15,Zone_3,21.36,73.99,0,393.43
2025-07-15,Zone_4,18.86,70.7,0,408.82
2025-07-15,Zone_5,17.29,60.84,0,515.33
2025-07-16,Zone_1,19.28,58.78,0,259.06
2025-07-16,Zone_2,16.88,64.79,0,346.62
2025-07-16,Zone_3,18.34,61.68,0,386.54
2025-07-16,Zone_4,15.61,47.67,0,390.88
2025-07-16,Zone_5,16.53,63.29,0,479.09
2025-07-17,Zone_1,16.62,54.26,0,298.86
2025-07-17,Zone_2,17.74,80.42,0,339.17
2025-07-17,Zone_3,20.54,59.9,1,477.49
2025-07-17,Zone_4,15.9,68.23,0,437.6
2025-07-17,Zone_5,16.4,45.79,0,461.76
2025-07-18,Zone_1,19.37,55.02,0,264.34
2025-07-18,Zone_2,15.78,62.35,0,302.01
2025-07-18,Zone_3,13.7,47.72,0,364.64
2025-07-18,Zone_4,19.2,52.78,1,507.74
2025-07-18,Zone_5,17.06,56.73,0,461.14
2025-07-19,Zone_1,16.21,56.15,0,282.49
2025-07-19,Zone_2,17.56,73.03,0,335.14
2025-07-19,Zone_3,17.64,75.7,1,472.14
2025-07-19,Zone_4,16.87,62.12,0,414.62
2025-07-19,Zone_5,14.27,69.33,0,432.81
2025-07-20,Zone_1,15.25,65.14,0,307.23
2025-07-20,Zone_2,17.07,67.9,0,361.16
2025-07-20,Zone_3,15.32,60.98,0,366.38
2025-07-20,Zone_4,16.84,58.66,0,438.1
2025-07-20,Zone_5,16.24,48.16,1,560.86
2025-07-21,Zone_1,15.77,73.15,0,272.57
2025-07-21,Zone_2,14.52,64.88,0,331.57
2025-07-21,Zone_3,18.59,47.51,0,357.37
2025-07-21,Zone_4,14.93,56.02,0,413.94
2025-07-21,Zone_5,19.23,57.22,0,479.56
2025-07-22,Zone_1,18.66,46.28,0,259.43
2025-07-22,Zone_2,19.52,55.13,0,346.78
2025-07-22,Zone_3,15.66,64.94,0,372.88
2025-07-22,Zone_4,18.31,48.9,0,452.32
2025-07-22,Zone_5,13.91,65.91,0,463.98
2025-07-23,Zone_1,16.02,49.39,0,271.83
2025-07-23,Zone_2,17.18,76.54,0,370.72
2025-07-23,Zone_3,21.37,55.3,1,463.18
2025-07-23,Zone_4,14.35,45.23,0,423.29
2025-07-23,Zone_5,16.27,66.18,0,512.1
2025-07-24,Zone_1,13.32,58.04,0,266.11
2025-07-24,Zone_2,17.96,62.97,0,333.32
2025-07-24,Zone_3,11.99,58.38,1,475.43
2025-07-24,Zone_4,17.18,54.59,0,450.17
2025-07-24,Zone_5,15.6,70.02,0,484.99
2025-07-25,Zone_1,17.37,67.85,0,298.45
2025-07-25,Zone_2,15.11,58.7,0,313.59
2025-07-25,Zone_3,20.1,52.58,0,412.43
2025-07-25,Zone_4,17.39,52.63,0,415.41
2025-07-25,Zone_5,14.36,58.83,0,505.8
2025-07-26,Zone_1,15.89,65.48,0,281.6
2025-07-26,Zone_2,17.96,49.86,0,345.78
2025-07-26,Zone_3,15.54,56.64,0,389.99
2025-07-26,Zone_4,13.69,61.82,0,446.27
2025-07-26,Zone_5,17.41,75.28,0,452.65
2025-07-27,Zone_1,17.63,54.29,0,283.98
2025-07-27,Zone_2,15.21,52.27,0,288.85
2025-07-27,Zone_3,18.92,71.65,0,390.83
2025-07-27,Zone_4,16.98,64.28,0,408.92
2025-07-27,Zone_5,15.4,63.14,0,514.54
2025-07-28,Zone_1,14.59,53.89,0,283.31
2025-07-28,Zone_2,12.0,64.11,0,335.65
2025-07-28,Zone_3,15.85,67.69,0,374.05
2025-07-28,Zone_4,14.34,84.85,0,460.5
2025-07-28,Zone_5,14.96,48.98,0,470.9
2025-07-29,Zone_1,15.84,47.26,0,278.75
2025-07-29,Zone_2,18.32,76.41,0,302.0
2025-07-29,Zone_3,16.31,45.88,0,373.66
2025-07-29,Zone_4,19.44,52.25,0,443.32
2025-07-29,Zone_5,12.19,65.51,1,545.43
2025-07-30,Zone_1,11.31,60.28,0,263.48
2025-07-30,Zone_2,14.35,65.97,0,321.38
2025-07-30,Zone_3,18.73,63.61,0,435.8
2025-07-30,Zone_4,16.2,59.0,0,396.17
2025-07-30,Zone_5,14.46,66.33,0,508.07
2025-07-31,Zone_1,15.35,61.18,0,263.15
2025-07-31,Zone_2,15.13,54.21,0,312.08
2025-07-31,Zone_3,12.13,59.39,0,355.03
2025-07-31,Zone_4,11.58,67.84,0,413.15
2025-07-31,Zone_5,13.66,62.17,1,545.52
2025-08-01,Zone_1,18.33,68.02,0,274.44
2025-08-01,Zone_2,19.43,76.21,0,344.15
2025-08-01,Zone_3,16.17,57.78,0,394.88
2025-08-01,Zone_4,15.08,69.27,0,473.95
2025-08-01,Zone_5,17.0,55.85,0,460.12
2025-08-02,Zone_1,15.06,73.7,0,249.36
2025-08-02,Zone_2,15.91,61.95,0,333.11
2025-08-02,Zone_3,12.97,54.99,0,394.93
2025-08-02,Zone_4,16.49,62.79,0,422.94
2025-08-02,Zone_5,13.45,67.64,0,496.72
2025-08-03,Zone_1,15.98,52.95,0,285.69
2025-08-03,Zone_2,12.19,59.07,0,311.19
2025-08-03,Zone_3,14.06,56.94,0,362.51
2025-08-03,Zone_4,17.78,56.36,0,432.52
2025-08-03,Zone_5,17.46,57.76,0,482.86
2025-08-04,Zone_1,12.97,57.94,0,283.1
2025-08-04,Zone_2,12.5,74.21,1,386.36
2025-08-04,Zone_3,12.26,70.18,1,467.26
2025-08-04,Zone_4,15.88,54.1,0,421.47
2025-08-04,Zone_5,13.44,50.2,1,523.64
2025-08-05,Zone_1,17.25,68.86,1,390.42
2025-08-05,Zone_2,13.56,70.55,0,322.22
2025-08-05,Zone_3,16.84,52.23,0,354.95
2025-08-05,Zone_4,18.78,51.59,0,447.14
2025-08-05,Zone_5,14.06,41.1,0,439.57
2025-08-06,Zone_1,11.04,61.2,0,251.01
2025-08-06,Zone_2,15.02,49.04,0,353.53
2025-08-06,Zone_3,13.04,61.36,0,317.39
2025-08-06,Zone_4,16.54,72.72,0,439.07
2025-08-06,Zone_5,14.32,60.67,1,499.03
2025-08-07,Zone_1,15.5,76.38,0,282.08
2025-08-07,Zone_2,16.47,36.43,1,387.33
2025-08-07,Zone_3,13.23,62.44,0,355.6
2025-08-07,Zone_4,14.19,38.01,0,437.98
2025-08-07,Zone_5,15.32,55.23,0,436.32
2025-08-08,Zone_1,14.35,71.46,0,276.81
2025-08-08,Zone_2,13.53,57.54,0,316.29
2025-08-08,Zone_3,17.14,54.03,0,368.68
2025-08-08,Zone_4,13.77,64.92,1,477.19
2025-08-08,Zone_5,14.0,59.01,0,491.02
2025-08-09,Zone_1,14.54,54.91,0,269.12
2025-08-09,Zone_2,11.77,46.91,0,347.45
2025-08-09,Zone_3,14.78,62.64,0,341.48
2025-08-09,Zone_4,19.26,68.93,0,437.13
2025-08-09,Zone_5,16.18,44.34,1,550.92
2025-08-10,Zone_1,14.97,42.58,1,338.77
2025-08-10,Zone_2,14.33,49.1,0,304.04
2025-08-10,Zone_3,10.7,52.06,0,361.13
2025-08-10,Zone_4,14.84,31.45,0,398.62
2025-08-10,Zone_5,13.33,58.4,0,477.8
2025-08-11,Zone_1,13.8,65.58,0,267.42
2025-08-11,Zone_2,10.43,70.92,1,414.81
2025-08-11,Zone_3,14.36,41.96,0,340.54
2025-08-11,Zone_4,13.04,85.12,0,430.87
2025-08-11,Zone_5,17.45,64.2,0,510.18
2025-08-12,Zone_1,12.36,56.04,0,242.48
2025-08-12,Zone_2,16.45,56.53,0,334.72
2025-08-12,Zone_3,16.31,70.73,0,373.37
2025-08-12,Zone_4,13.63,44.57,0,355.08
2025-08-12,Zone_5,14.76,60.72,0,484.08
2025-08-13,Zone_1,13.87,49.08,0,298.78
2025-08-13,Zone_2,14.69,52.43,0,315.54
2025-08-13,Zone_3,15.44,57.13,0,359.89
2025-08-13,Zone_4,10.96,41.12,0,391.5
2025-08-13,Zone_5,11.21,69.29,0,436.8
2025-08-14,Zone_1,10.88,59.03,0,222.26
2025-08-14,Zone_2,12.12,50.33,1,365.12
2025-08-14,Zone_3,9.07,62.9,0,359.58
2025-08-14,Zone_4,15.64,69.73,0,437.02
2025-08-14,Zone_5,12.1,61.45,0,453.87
2025-08-15,Zone_1,14.21,55.7,0,267.7
2025-08-15,Zone_2,15.6,55.58,1,397.77
2025-08-15,Zone_3,15.61,44.73,0,361.54
2025-08-15,Zone_4,11.83,52.55,0,398.17
2025-08-15,Zone_5,11.24,67.03,0,473.12
2025-08-16,Zone_1,12.93,48.63,0,245.26
2025-08-16,Zone_2,14.06,63.83,0,351.98
2025-08-16,Zone_3,10.98,56.04,0,357.57
2025-08-16,Zone_4,13.03,58.93,0,439.48
2025-08-16,Zone_5,14.59,69.37,0,466.67
2025-08-17,Zone_1,16.34,55.98,0,298.7
2025-08-17,Zone_2,16.15,64.22,0,361.71
2025-08-17,Zone_3,8.82,56.83,0,358.27
2025-08-17,Zone_4,14.85,63.24,0,471.75
2025-08-17,Zone_5,12.85,44.18,0,460.99
2025-08-18,Zone_1,10.14,48.46,0,237.73
2025-08-18,Zone_2,13.63,67.16,0,337.46
2025-08-18,Zone_3,13.99,55.9,0,375.6
2025-08-18,Zone_4,13.38,71.95,0,460.47
2025-08-18,Zone_5,7.84,60.97,0,447.52
2025-08-19,Zone_1,9.22,54.54,0,263.0
2025-08-19,Zone_2,11.16,55.0,0,319.75
2025-08-19,Zone_3,7.96,80.42,0,381.87
2025-08-19,Zone_4,13.43,64.26,0,444.57
2025-08-19,Zone_5,11.49,55.96,0,473.96
2025-08-20,Zone_1,12.29,71.22,0,279.87
2025-08-20,Zone_2,13.24,54.67,0,289.1
2025-08-20,Zone_3,15.03,63.21,0,373.41
2025-08-20,Zone_4,14.75,69.43,0,455.57
2025-08-20,Zone_5,15.23,63.52,1,540.02
2025-08-21,Zone_1,12.22,68.47,0,292.54
2025-08-21,Zone_2,11.56,56.27,0,349.78
2025-08-21,Zone_3,10.36,35.02,1,400.79
2025-08-21,Zone_4,14.56,52.53,1,500.8
2025-08-21,Zone_5,11.77,37.82,0,476.72
2025-08-22,Zone_1,14.89,50.09,0,288.13
2025-08-22,Zone_2,13.06,51.56,0,334.99
2025-08-22,Zone_3,12.89,58.74,0,387.39
2025-08-22,Zone_4,12.81,54.38,0,406.31
2025-08-22,Zone_5,9.34,63.11,0,427.99
2025-08-23,Zone_1,13.35,66.8,0,269.22
2025-08-23,Zone_2,14.61,65.97,0,286.34
2025-08-23,Zone_3,13.21,74.97,0,367.29
2025-08-23,Zone_4,11.28,61.24,0,401.94
2025-08-23,Zone_5,14.79,62.89,0,497.7
2025-08-24,Zone_1,8.73,67.47,0,287.89
2025-08-24,Zone_2,13.83,71.63,0,309.92
2025-08-24,Zone_3,11.46,63.83,0,350.19
2025-08-24,Zone_4,12.36,63.87,0,456.36
2025-08-24,Zone_5,14.63,67.07,0,497.01
2025-08-25,Zone_1,11.12,67.57,0,271.12
2025-08-25,Zone_2,11.88,60.79,0,306.8
2025-08-25,Zone_3,10.35,65.53,0,381.09
2025-08-25,Zone_4,12.01,55.39,0,406.27
2025-08-25,Zone_5,13.8,60.01,0,446.68
2025-08-26,Zone_1,13.29,64.72,0,254.56
2025-08-26,Zone_2,10.32,70.77,0,320.94
2025-08-26,Zone_3,11.85,49.69,0,339.51
2025-08-26,Zone_4,8.77,64.13,1,498.31
2025-08-26,Zone_5,11.35,62.93,1,530.65
2025-08-27,Zone_1,13.15,59.3,0,250.54
2025-08-27,Zone_2,10.65,54.27,0,303.56
2025-08-27,Zone_3,11.48,50.87,0,337.0
2025-08-27,Zone_4,12.92,73.47,0,400.26
2025-08-27,Zone_5,14.19,71.44,0,497.76
2025-08-28,Zone_1,11.52,72.18,1,355.73
2025-08-28,Zone_2,12.74,51.22,0,292.0
2025-08-28,Zone_3,13.33,58.18,0,371.83
2025-08-28,Zone_4,11.3,67.66,0,383.28
2025-08-28,Zone_5,7.87,70.69,1,523.49
2025-08-29,Zone_1,12.38,65.84,0,267.52
2025-08-29,Zone_2,11.17,62.33,0,329.08
2025-08-29,Zone_3,13.39,50.34,0,394.33
2025-08-29,Zone_4,8.79,62.78,0,401.66
2025-08-29,Zone_5,9.5,77.19,0,462.21
2025-08-30,Zone_1,12.42,53.14,0,246.95
2025-08-30,Zone_2,14.45,60.14,0,313.29
2025-08-30,Zone_3,9.85,57.15,0,348.15
2025-08-30,Zone_4,10.05,57.78,0,409.6
2025-08-30,Zone_5,11.76,48.13,1,533.37
2025-08-31,Zone_1,10.32,68.32,0,279.64
2025-08-31,Zone_2,11.73,72.28,0,321.1
2025-08-31,Zone_3,13.5,69.19,0,402.38
2025-08-31,Zone_4,8.7,58.03,0,392.9
2025-08-31,Zone_5,11.44,61.58,0,492.61
2025-09-01,Zone_1,10.74,69.26,0,271.42
2025-09-01,Zone_2,14.64,73.12,0,315.81
2025-09-01,Zone_3,10.03,51.24,0,378.68
2025-09-01,Zone_4,14.25,54.88,0,396.77
2025-09-01,Zone_5,15.92,57.6,0,476.73
2025-09-02,Zone_1,10.38,77.26,0,283.19
2025-09-02,Zone_2,10.14,46.44,0,311.92
2025-09-02,Zone_3,13.48,64.25,0,384.55
2025-09-02,Zone_4,10.49,54.02,0,447.45
2025-09-02,Zone_5,12.33,47.8,0,460.74
2025-09-03,Zone_1,11.56,87.69,1,346.64
2025-09-03,Zone_2,10.75,73.89,0,314.52
2025-09-03,Zone_3,16.48,58.39,0,351.14
2025-09-03,Zone_4,10.7,66.27,1,539.55
2025-09-03,Zone_5,12.31,49.25,0,464.06
2025-09-04,Zone_1,11.61,51.98,0,247.0
2025-09-04,Zone_2,12.49,56.77,1,372.7
2025-09-04,Zone_3,9.84,76.65,0,343.14
2025-09-04,Zone_4,13.03,50.76,1,498.54
2025-09-04,Zone_5,12.08,49.45,0,479.59
2025-09-05,Zone_1,12.51,70.33,0,303.96
2025-09-05,Zone_2,10.58,54.24,0,326.81
2025-09-05,Zone_3,13.3,53.26,0,351.66
2025-09-05,Zone_4,8.15,55.17,0,376.62
2025-09-05,Zone_5,8.55,57.06,0,459.59
2025-09-06,Zone_1,11.99,72.73,0,242.4
2025-09-06,Zone_2,12.89,72.85,0,312.57
2025-09-06,Zone_3,12.12,58.71,0,363.87
2025-09-06,Zone_4,14.08,64.9,0,435.64
2025-09-06,Zone_5,11.79,63.57,0,469.67
2025-09-07,Zone_1,8.54,78.73,0,284.54
2025-09-07,Zone_2,12.34,61.12,0,276.92
2025-09-07,Zone_3,15.12,52.1,0,371.37
2025-09-07,Zone_4,14.08,60.19,0,430.47
2025-09-07,Zone_5,8.97,61.35,0,455.21
2025-09-08,Zone_1,9.24,60.34,0,273.26
2025-09-08,Zone_2,9.58,30.0,0,296.3
2025-09-08,Zone_3,11.1,49.14,0,354.57
2025-09-08,Zone_4,9.17,65.85,0,403.03
2025-09-08,Zone_5,9.75,62.95,0,484.42
2025-09-09,Zone_1,9.58,66.61,0,236.74
2025-09-09,Zone_2,12.1,63.84,0,323.45
2025-09-09,Zone_3,12.8,58.0,0,346.83
2025-09-09,Zone_4,12.82,67.97,0,449.64
2025-09-09,Zone_5,10.81,60.23,1,557.3
2025-09-10,Zone_1,6.05,67.83,0,186.57
2025-09-10,Zone_2,9.06,72.09,0,312.54
2025-09-10,Zone_3,7.31,50.22,0,316.94
2025-09-10,Zone_4,11.53,59.33,0,443.35
2025-09-10,Zone_5,10.16,56.0,1,520.8
2025-09-11,Zone_1,9.59,41.08,0,241.6
2025-09-11,Zone_2,11.6,40.51,0,290.05
2025-09-11,Zone_3,6.54,59.01,0,356.66
2025-09-11,Zone_4,10.11,44.04,0,415.58
2025-09-11,Zone_5,8.77,59.43,0,449.3
2025-09-12,Zone_1,12.09,40.86,0,249.58
2025-09-12,Zone_2,11.4,56.58,0,329.84
2025-09-12,Zone_3,11.83,57.2,0,363.51
2025-09-12,Zone_4,7.92,66.8,0,403.17
2025-09-12,Zone_5,12.42,49.49,0,454.44
2025-09-13,Zone_1,10.81,60.51,0,292.47
2025-09-13,Zone_2,9.58,52.41,0,309.9
2025-09-13,Zone_3,13.72,58.02,1,432.53
2025-09-13,Zone_4,12.85,65.31,0,404.96
2025-09-13,Zone_5,9.94,62.96,0,469.17
2025-09-14,Zone_1,5.21,85.49,0,260.59
2025-09-14,Zone_2,11.7,53.63,0,313.05
2025-09-14,Zone_3,12.2,69.49,0,365.84
2025-09-14,Zone_4,11.0,49.53,0,391.19
2025-09-14,Zone_5,10.31,43.15,0,441.83
2025-09-15,Zone_1,10.71,60.45,0,287.51
2025-09-15,Zone_2,7.92,62.33,0,322.31
2025-09-15,Zone_3,7.05,56.85,1,424.8
2025-09-15,Zone_4,9.05,69.68,0,420.89
2025-09-15,Zone_5,8.81,72.06,1,554.66
2025-09-16,Zone_1,8.66,64.75,0,249.86
2025-09-16,Zone_2,11.37,62.01,0,306.65
2025-09-16,Zone_3,10.82,66.36,0,345.38
2025-09-16,Zone_4,6.99,59.95,0,387.8
2025-09-16,Zone_5,6.99,48.8,0,436.72
2025-09-17,Zone_1,11.08,46.23,0,227.34
2025-09-17,Zone_2,11.61,69.28,0,303.23
2025-09-17,Zone_3,9.77,51.04,1,440.9
2025-09-17,Zone_4,9.28,73.25,0,416.73
2025-09-17,Zone_5,12.03,55.79,0,441.37
2025-09-18,Zone_1,12.98,72.93,0,277.37
2025-09-18,Zone_2,8.48,68.65,0,325.97
2025-09-18,Zone_3,11.17,54.99,0,359.51
2025-09-18,Zone_4,8.56,54.98,0,383.04
2025-09-18,Zone_5,12.47,38.09,0,475.85
2025-09-19,Zone_1,11.18,56.33,0,256.2
2025-09-19,Zone_2,10.25,72.3,1,391.08
2025-09-19,Zone_3,9.05,46.07,1,455.86
2025-09-19,Zone_4,10.41,52.72,0,382.39
2025-09-19,Zone_5,11.81,70.24,0,462.49
2025-09-20,Zone_1,10.68,72.53,0,249.98
2025-09-20,Zone_2,11.54,70.59,0,323.89
2025-09-20,Zone_3,10.1,65.03,0,373.28
2025-09-20,Zone_4,9.95,68.01,0,406.0
2025-09-20,Zone_5,8.89,57.64,0,476.18
2025-09-21,Zone_1,8.79,52.73,0,196.16
2025-09-21,Zone_2,8.15,39.14,0,302.81
2025-09-21,Zone_3,5.68,54.89,0,367.31
2025-09-21,Zone_4,7.77,68.87,0,410.66
2025-09-21,Zone_5,10.73,78.58,0,490.9
2025-09-22,Zone_1,10.53,83.92,0,260.16
2025-09-22,Zone_2,9.69,51.23,0,256.6
2025-09-22,Zone_3,11.56,90.0,0,365.55
2025-09-22,Zone_4,11.18,58.28,0,385.49
2025-09-22,Zone_5,11.61,47.26,0,452.22
2025-09-23,Zone_1,12.57,58.27,1,340.31
2025-09-23,Zone_2,13.31,67.34,0,312.49
2025-09-23,Zone_3,10.16,67.87,1,447.0
2025-09-23,Zone_4,5.9,80.42,1,478.44
2025-09-23,Zone_5,10.49,44.06,0,449.3
2025-09-24,Zone_1,14.64,47.65,0,268.04
2025-09-24,Zone_2,7.56,64.91,0,324.92
2025-09-24,Zone_3,11.55,65.38,1,451.99
2025-09-24,Zone_4,11.89,55.31,0,413.93
2025-09-24,Zone_5,14.46,53.13,0,452.47
2025-09-25,Zone_1,11.99,51.58,0,264.42
2025-09-25,Zone_2,11.72,70.71,1,400.23
2025-09-25,Zone_3,6.46,53.36,0,307.95
2025-09-25,Zone_4,11.53,63.51,0,409.82
2025-09-25,Zone_5,11.55,61.29,1,505.58
2025-09-26,Zone_1,9.77,55.76,0,231.79
2025-09-26,Zone_2,9.17,40.98,1,353.01
2025-09-26,Zone_3,10.11,76.08,1,434.52
2025-09-26,Zone_4,9.94,55.63,0,375.12
2025-09-26,Zone_5,11.27,44.45,0,486.9
2025-09-27,Zone_1,10.2,77.42,0,310.41
2025-09-27,Zone_2,10.2,49.31,0,306.99
2025-09-27,Zone_3,9.19,64.92,0,360.84
2025-09-27,Zone_4,10.2,52.86,0,419.58
2025-09-27,Zone_5,9.48,64.52,0,436.51
2025-09-28,Zone_1,9.79,56.54,0,263.9
2025-09-28,Zone_2,10.28,68.06,0,302.86
2025-09-28,Zone_3,8.49,60.68,1,449.92
2025-09-28,Zone_4,12.4,64.83,1,520.85
2025-09-28,Zone_5,10.82,62.02,0,464.98
2025-09-29,Zone_1,7.96,62.47,0,235.21
2025-09-29,Zone_2,9.93,45.96,1,358.1
2025-09-29,Zone_3,6.21,67.49,0,383.37
2025-09-29,Zone_4,7.25,55.64,1,473.07
2025-09-29,Zone_5,8.14,53.5,0,463.37
2025-09-30,Zone_1,9.46,59.86,0,270.07
2025-09-30,Zone_2,11.34,56.63,0,315.09
2025-09-30,Zone_3,10.79,64.54,0,376.29
2025-09-30,Zone_4,9.1,55.55,0,393.92
2025-09-30,Zone_5,8.86,65.36,0,450.75
2025-10-01,Zone_1,12.12,61.92,1,371.28
2025-10-01,Zone_2,9.75,57.89,0,306.16
2025-10-01,Zone_3,11.98,47.78,0,368.23
2025-10-01,Zone_4,8.26,59.89,0,381.38
2025-10-01,Zone_5,10.02,40.69,0,436.92
2025-10-02,Zone_1,9.82,60.16,0,241.9
2025-10-02,Zone_2,12.81,50.08,0,302.39
2025-10-02,Zone_3,9.17,50.05,0,311.33
2025-10-02,Zone_4,12.18,75.54,0,384.41
2025-10-02,Zone_5,10.44,55.54,1,523.33
2025-10-03,Zone_1,7.21,69.92,1,340.18
2025-10-03,Zone_2,9.26,62.14,0,292.82
2025-10-03,Zone_3,5.09,57.72,0,372.91
2025-10-03,Zone_4,12.06,56.63,0,402.78
2025-10-03,Zone_5,9.3,62.64,0,456.12
2025-10-04,Zone_1,14.77,68.27,0,280.55
2025-10-04,Zone_2,12.78,67.24,0,323.2
2025-10-04,Zone_3,10.73,65.04,0,347.82
2025-10-04,Zone_4,11.29,60.31,0,367.44
2025-10-04,Zone_5,9.56,50.71,0,480.44
2025-10-05,Zone_1,10.35,64.44,0,253.82
2025-10-05,Zone_2,13.63,65.06,0,331.39
2025-10-05,Zone_3,8.28,82.12,0,373.73
2025-10-05,Zone_4,10.38,68.38,0,446.94
2025-10-05,Zone_5,9.4,59.73,0,487.18
2025-10-06,Zone_1,8.83,44.41,0,254.88
2025-10-06,Zone_2,11.35,55.99,0,328.36
2025-10-06,Zone_3,9.09,45.17,0,333.55
2025-10-06,Zone_4,9.23,66.12,0,376.22
2025-10-06,Zone_5,12.53,52.21,0,448.4
2025-10-07,Zone_1,12.38,53.42,0,273.1
2025-10-07,Zone_2,12.23,54.52,0,321.16
2025-10-07,Zone_3,11.98,63.61,0,335.51
2025-10-07,Zone_4,7.64,66.99,0,428.68
2025-10-07,Zone_5,7.85,66.1,0,415.02
2025-10-08,Zone_1,8.78,66.59,0,265.16
2025-10-08,Zone_2,12.77,68.23,0,346.92
2025-10-08,Zone_3,8.85,69.1,0,347.36
2025-10-08,Zone_4,12.84,56.15,0,379.24
2025-10-08,Zone_5,10.22,67.59,0,479.73
2025-10-09,Zone_1,8.12,62.84,0,260.92
2025-10-09,Zone_2,9.82,51.48,0,324.68
2025-10-09,Zone_3,8.58,79.07,0,336.57
2025-10-09,Zone_4,8.76,57.4,1,481.39
2025-10-09,Zone_5,12.82,50.16,0,454.51
2025-10-10,Zone_1,12.27,62.1,0,235.67
2025-10-10,Zone_2,8.71,41.84,0,307.78
2025-10-10,Zone_3,10.61,71.93,1,427.7
2025-10-10,Zone_4,8.15,57.03,0,396.94
2025-10-10,Zone_5,9.41,67.71,0,468.8
2025-10-11,Zone_1,11.96,57.48,0,240.53
2025-10-11,Zone_2,9.47,76.75,1,393.61
2025-10-11,Zone_3,9.15,66.2,0,288.92
2025-10-11,Zone_4,11.35,63.75,1,504.1
2025-10-11,Zone_5,10.84,72.75,0,472.84
2025-10-12,Zone_1,6.89,50.95,0,233.58
2025-10-12,Zone_2,9.57,53.1,0,306.1
2025-10-12,Zone_3,9.77,45.03,0,364.69
2025-10-12,Zone_4,11.76,41.61,0,389.8
2025-10-12,Zone_5,7.96,59.32,0,450.41
2025-10-13,Zone_1,13.89,64.46,1,354.29
2025-10-13,Zone_2,11.4,54.43,0,324.62
2025-10-13,Zone_3,8.04,66.87,0,354.53
2025-10-13,Zone_4,11.87,60.23,1,487.73
2025-10-13,Zone_5,8.13,49.22,1,536.53
2025-10-14,Zone_1,7.56,38.22,0,263.63
2025-10-14,Zone_2,7.27,64.57,0,299.08
2025-10-14,Zone_3,6.44,63.11,0,356.98
2025-10-14,Zone_4,7.71,60.04,0,415.01
2025-10-14,Zone_5,7.16,71.5,0,430.54
2025-10-15,Zone_1,9.69,65.87,0,248.52
2025-10-15,Zone_2,8.84,66.45,0,323.42
2025-10-15,Zone_3,10.15,50.2,0,347.63
2025-10-15,Zone_4,12.11,59.09,1,492.46
2025-10-15,Zone_5,5.45,45.43,0,430.62
2025-10-16,Zone_1,10.51,56.55,0,268.19
2025-10-16,Zone_2,11.02,33.96,1,369.52
2025-10-16,Zone_3,9.1,53.67,0,345.82
2025-10-16,Zone_4,8.05,62.15,0,420.55
2025-10-16,Zone_5,10.94,45.93,0,453.75
2025-10-17,Zone_1,9.38,73.38,0,284.98
2025-10-17,Zone_2,9.09,57.22,0,266.28
2025-10-17,Zone_3,9.8,59.88,0,391.1
2025-10-17,Zone_4,10.93,62.49,0,415.76
2025-10-17,Zone_5,9.17,54.68,0,462.55
2025-10-18,Zone_1,10.05,76.37,0,280.72
2025-10-18,Zone_2,6.13,71.84,1,405.03
2025-10-18,Zone_3,5.62,67.45,1,403.11
2025-10-18,Zone_4,12.32,74.07,0,399.83
2025-10-18,Zone_5,11.25,47.24,0,481.53
2025-10-19,Zone_1,5.95,75.81,0,247.61
2025-10-19,Zone_2,10.77,46.18,1,391.31
2025-10-19,Zone_3,11.02,53.7,0,324.73
2025-10-19,Zone_4,9.98,58.58,1,525.23
2025-10-19,Zone_5,12.16,57.48,0,478.65
2025-10-20,Zone_1,11.5,66.27,0,279.91
2025-10-20,Zone_2,5.98,53.32,0,278.97
2025-10-20,Zone_3,8.78,53.88,0,345.61
2025-10-20,Zone_4,11.57,57.8,0,400.73
2025-10-20,Zone_5,13.12,62.1,1,559.64
2025-10-21,Zone_1,13.15,54.22,1,346.38
2025-10-21,Zone_2,8.43,56.46,0,316.48
2025-10-21,Zone_3,7.29,46.64,0,387.9
2025-10-21,Zone_4,9.81,43.29,0,423.61
2025-10-21,Zone_5,11.84,76.4,0,450.1
2025-10-22,Zone_1,10.26,66.39,0,285.06
2025-10-22,Zone_2,10.53,67.71,0,316.42
2025-10-22,Zone_3,8.51,59.74,0,363.36
2025-10-22,Zone_4,10.1,80.18,0,424.99
2025-10-22,Zone_5,11.15,50.02,0,434.1
2025-10-23,Zone_1,10.64,55.22,0,237.09
2025-10-23,Zone_2,9.33,61.93,0,314.88
2025-10-23,Zone_3,8.11,68.4,0,399.26
2025-10-23,Zone_4,13.0,52.76,0,459.14
2025-10-23,Zone_5,10.19,44.8,0,471.94
2025-10-24,Zone_1,9.22,63.83,0,282.77
2025-10-24,Zone_2,11.36,45.56,0,320.61
2025-10-24,Zone_3,10.3,69.7,0,362.36
2025-10-24,Zone_4,12.26,60.77,1,469.48
2025-10-24,Zone_5,12.04,77.67,1,556.85
2025-10-25,Zone_1,8.69,57.7,0,274.33
2025-10-25,Zone_2,10.45,56.74,0,308.03
2025-10-25,Zone_3,11.14,79.94,0,364.27
2025-10-25,Zone_4,14.22,59.02,0,451.95
2025-10-25,Zone_5,13.01,63.51,0,461.4
2025-10-26,Zone_1,11.16,62.98,0,259.05
2025-10-26,Zone_2,7.93,73.33,0,322.11
2025-10-26,Zone_3,12.43,54.4,0,325.9
2025-10-26,Zone_4,10.06,75.99,0,429.45
2025-10-26,Zone_5,13.75,69.39,0,442.32
2025-10-27,Zone_1,10.34,58.93,0,228.09
2025-10-27,Zone_2,13.69,53.28,0,322.69
2025-10-27,Zone_3,10.91,52.95,0,372.37
2025-10-27,Zone_4,9.95,45.64,0,388.14
2025-10-27,Zone_5,12.38,61.63,0,482.87
2025-10-28,Zone_1,16.0,60.46,0,303.91
2025-10-28,Zone_2,3.93,64.51,0,284.7
2025-10-28,Zone_3,11.72,55.01,1,439.7
2025-10-28,Zone_4,12.02,60.57,0,393.93
2025-10-28,Zone_5,9.88,45.06,0,447.93
2025-10-29,Zone_1,13.93,54.64,0,253.96
2025-10-29,Zone_2,11.74,49.53,0,315.7
2025-10-29,Zone_3,11.36,54.57,0,353.83
2025-10-29,Zone_4,10.87,66.13,0,403.86
2025-10-29,Zone_5,10.93,39.81,0,463.67
2025-10-30,Zone_1,13.11,62.99,0,296.42
2025-10-30,Zone_2,10.63,41.97,0,308.22
2025-10-30,Zone_3,12.87,63.98,0,377.84
2025-10-30,Zone_4,11.8,57.82,1,501.99
2025-10-30,Zone_5,12.27,40.95,0,424.81
2025-10-31,Zone_1,10.5,65.67,0,243.67
2025-10-31,Zone_2,10.35,47.85,0,277.6
2025-10-31,Zone_3,9.03,61.02,0,364.26
2025-10-31,Zone_4,13.29,58.1,0,423.16
2025-10-31,Zone_5,10.57,72.93,0,507.19
2025-11-01,Zone_1,12.0,50.07,0,322.84
2025-11-01,Zone_2,11.89,61.15,0,315.12
2025-11-01,Zone_3,10.56,62.02,0,337.79
2025-11-01,Zone_4,11.27,37.31,0,398.28
2025-11-01,Zone_5,10.93,49.58,0,476.92
2025-11-02,Zone_1,10.06,40.95,0,255.81
2025-11-02,Zone_2,11.63,56.81,0,282.12
2025-11-02,Zone_3,17.08,56.09,0,382.95
2025-11-02,Zone_4,12.81,51.64,0,386.03
2025-11-02,Zone_5,12.14,38.16,0,460.97
2025-11-03,Zone_1,12.42,80.98,1,389.71
2025-11-03,Zone_2,9.79,88.16,0,275.64
2025-11-03,Zone_3,8.25,34.93,0,338.79
2025-11-03,Zone_4,12.39,59.95,0,405.27
2025-11-03,Zone_5,12.52,53.51,1,551.9
2025-11-04,Zone_1,12.98,79.13,0,235.04
2025-11-04,Zone_2,6.99,56.39,0,273.33
2025-11-04,Zone_3,12.25,62.92,0,381.66
2025-11-04,Zone_4,12.03,51.58,0,412.95
2025-11-04,Zone_5,9.95,75.58,0,433.53
2025-11-05,Zone_1,9.19,57.35,1,372.92
2025-11-05,Zone_2,12.89,53.51,1,389.81
2025-11-05,Zone_3,10.49,43.26,0,317.82
2025-11-05,Zone_4,12.27,63.14,0,431.7
2025-11-05,Zone_5,12.06,55.8,0,429.71
2025-11-06,Zone_1,9.38,66.62,1,319.34
2025-11-06,Zone_2,12.5,48.03,0,279.12
2025-11-06,Zone_3,11.08,59.41,0,389.13
2025-11-06,Zone_4,9.94,54.35,0,389.19
2025-11-06,Zone_5,13.04,50.93,0,496.03
2025-11-07,Zone_1,7.44,54.82,0,271.37
2025-11-07,Zone_2,9.37,47.61,0,321.12
2025-11-07,Zone_3,10.75,54.0,0,356.08
2025-11-07,Zone_4,12.32,52.5,0,394.67
2025-11-07,Zone_5,10.61,62.08,0,435.68
2025-11-08,Zone_1,14.44,64.88,0,311.12
2025-11-08,Zone_2,10.35,63.21,0,279.63
2025-11-08,Zone_3,11.09,69.82,1,453.68
2025-11-08,Zone_4,9.03,76.72,0,412.59
2025-11-08,Zone_5,8.61,67.13,0,454.82
2025-11-09,Zone_1,9.29,44.8,0,274.08
2025-11-09,Zone_2,15.23,70.22,0,320.15
2025-11-09,Zone_3,12.17,70.92,0,413.79
2025-11-09,Zone_4,12.02,40.1,0,392.61
2025-11-09,Zone_5,11.74,31.0,0,435.02
2025-11-10,Zone_1,15.74,61.01,0,287.12
2025-11-10,Zone_2,11.73,51.06,0,332.49
2025-11-10,Zone_3,12.62,56.01,0,375.58
2025-11-10,Zone_4,14.7,61.61,0,428.17
2025-11-10,Zone_5,10.07,58.84,0,471.79
2025-11-11,Zone_1,13.65,61.67,0,276.86
2025-11-11,Zone_2,10.51,54.33,0,325.62
2025-11-11,Zone_3,12.51,36.86,0,339.18
2025-11-11,Zone_4,14.95,73.57,0,467.47
2025-11-11,Zone_5,9.66,67.71,0,457.01
2025-11-12,Zone_1,11.61,72.4,0,271.04
2025-11-12,Zone_2,11.21,71.66,0,294.74
2025-11-12,Zone_3,11.56,61.34,1,432.4
2025-11-12,Zone_4,10.98,68.1,0,422.14
2025-11-12,Zone_5,12.65,77.34,0,457.12
2025-11-13,Zone_1,10.91,81.05,0,338.04
2025-11-13,Zone_2,14.32,66.03,0,341.88
2025-11-13,Zone_3,13.21,54.08,0,364.48
2025-11-13,Zone_4,11.77,48.35,0,412.3
2025-11-13,Zone_5,15.84,66.23,1,580.9
2025-11-14,Zone_1,15.07,60.94,0,254.96
2025-11-14,Zone_2,15.83,54.31,0,334.61
2025-11-14,Zone_3,14.15,69.39,0,352.69
2025-11-14,Zone_4,14.37,61.71,0,403.47
2025-11-14,Zone_5,13.76,45.02,0,486.67
2025-11-15,Zone_1,10.88,54.52,1,311.19
2025-11-15,Zone_2,11.6,40.92,0,294.31
2025-11-15,Zone_3,12.65,64.47,0,346.62
2025-11-15,Zone_4,13.22,61.38,0,459.47
2025-11-15,Zone_5,12.47,69.64,1,550.72
2025-11-16,Zone_1,16.2,43.64,1,369.78
2025-11-16,Zone_2,12.25,61.17,0,306.27
2025-11-16,Zone_3,13.19,59.56,0,361.06
2025-11-16,Zone_4,9.62,55.75,0,409.75
2025-11-16,Zone_5,16.81,53.84,0,456.87
2025-11-17,Zone_1,14.65,68.17,0,272.45
2025-11-17,Zone_2,17.11,56.45,0,331.75
2025-11-17,Zone_3,13.01,75.33,0,393.93
2025-11-17,Zone_4,10.32,67.51,0,422.51
2025-11-17,Zone_5,13.69,75.0,0,513.89
2025-11-18,Zone_1,18.7,75.38,1,383.41
2025-11-18,Zone_2,13.23,67.22,0,305.14
2025-11-18,Zone_3,13.05,67.62,0,389.48
2025-11-18,Zone_4,14.86,55.03,0,415.28
2025-11-18,Zone_5,14.2,66.63,0,478.73
2025-11-19,Zone_1,16.67,52.29,0,290.93
2025-11-19,Zone_2,15.82,55.56,0,322.37
2025-11-19,Zone_3,16.35,63.2,0,354.72
2025-11-19,Zone_4,11.94,52.34,1,490.11
2025-11-19,Zone_5,13.78,59.6,0,479.12
2025-11-20,Zone_1,13.87,67.03,0,272.69
2025-11-20,Zone_2,11.1,60.87,0,327.85
2025-11-20,Zone_3,13.84,66.25,0,352.62
2025-11-20,Zone_4,11.12,63.5,0,408.2
2025-11-20,Zone_5,9.64,48.27,0,460.15
2025-11-21,Zone_1,15.6,47.35,0,255.22
2025-11-21,Zone_2,14.28,44.65,0,306.12
2025-11-21,Zone_3,14.62,56.56,0,381.38
2025-11-21,Zone_4,11.05,57.97,0,396.68
2025-11-21,Zone_5,15.86,74.98,0,468.6
2025-11-22,Zone_1,13.14,60.32,0,305.91
2025-11-22,Zone_2,12.04,48.53,0,310.96
2025-11-22,Zone_3,13.69,31.68,0,380.1
2025-11-22,Zone_4,13.61,66.83,0,450.81
2025-11-22,Zone_5,18.06,56.37,0,453.72
2025-11-23,Zone_1,12.23,51.29,0,248.0
2025-11-23,Zone_2,13.09,63.16,0,309.53
2025-11-23,Zone_3,13.46,50.82,0,332.28
2025-11-23,Zone_4,14.0,40.61,0,430.09
2025-11-23,Zone_5,16.94,53.88,0,491.98
2025-11-24,Zone_1,10.07,46.57,0,245.58
2025-11-24,Zone_2,13.6,47.9,0,296.14
2025-11-24,Zone_3,16.97,61.95,0,402.94
2025-11-24,Zone_4,13.79,52.51,0,440.1
2025-11-24,Zone_5,14.69,49.6,0,468.54
2025-11-25,Zone_1,16.22,49.24,0,272.47
2025-11-25,Zone_2,10.27,42.04,0,270.16
2025-11-25,Zone_3,13.46,56.42,0,339.07
2025-11-25,Zone_4,16.1,47.36,0,394.56
2025-11-25,Zone_5,18.64,78.67,0,526.84
2025-11-26,Zone_1,11.77,81.6,0,238.87
2025-11-26,Zone_2,13.24,46.95,0,291.48
2025-11-26,Zone_3,13.57,74.22,0,378.16
2025-11-26,Zone_4,16.59,59.68,0,395.61
2025-11-26,Zone_5,14.06,61.93,0,492.43
2025-11-27,Zone_1,15.99,53.68,0,265.69
2025-11-27,Zone_2,16.9,70.44,0,335.5
2025-11-27,Zone_3,13.07,60.53,0,385.31
2025-11-27,Zone_4,12.1,77.67,0,403.84
2025-11-27,Zone_5,13.12,64.98,0,481.96
2025-11-28,Zone_1,17.29,47.75,0,258.94
2025-11-28,Zone_2,19.75,63.02,0,296.19
2025-11-28,Zone_3,13.67,67.59,0,380.14
2025-11-28,Zone_4,12.47,56.69,0,421.07
2025-11-28,Zone_5,14.76,61.51,0,462.22
2025-11-29,Zone_1,14.77,69.69,0,273.57
2025-11-29,Zone_2,15.15,52.26,0,313.85
2025-11-29,Zone_3,13.81,60.85,0,370.31
2025-11-29,Zone_4,13.71,49.6,1,504.35
2025-11-29,Zone_5,12.2,60.57,1,563.1
2025-11-30,Zone_1,16.57,50.82,0,287.93
2025-11-30,Zone_2,12.69,66.99,0,334.94
2025-11-30,Zone_3,16.1,74.3,0,380.86
2025-11-30,Zone_4,12.38,66.79,0,406.09
2025-11-30,Zone_5,14.07,51.29,0,454.25
2025-12-01,Zone_1,16.83,71.28,0,288.65
2025-12-01,Zone_2,16.47,73.02,0,322.09
2025-12-01,Zone_3,14.78,60.29,0,415.95
2025-12-01,Zone_4,13.34,66.91,0,401.73
2025-12-01,Zone_5,19.56,54.71,0,485.94
2025-12-02,Zone_1,17.01,64.03,0,292.2
2025-12-02,Zone_2,14.08,45.87,0,317.95
2025-12-02,Zone_3,11.97,54.62,0,385.68
2025-12-02,Zone_4,14.18,57.11,0,415.49
2025-12-02,Zone_5,14.08,55.98,1,568.83
2025-12-03,Zone_1,13.36,58.86,0,288.98
2025-12-03,Zone_2,16.46,43.46,0,300.42
2025-12-03,Zone_3,20.77,49.62,0,386.86
2025-12-03,Zone_4,14.53,54.0,0,381.3
2025-12-03,Zone_5,11.25,45.01,0,474.41
2025-12-04,Zone_1,16.38,66.24,0,253.75
2025-12-04,Zone_2,14.87,36.99,0,305.75
2025-12-04,Zone_3,14.44,63.14,0,361.35
2025-12-04,Zone_4,15.02,70.98,0,431.14
2025-12-04,Zone_5,16.23,57.44,0,450.66
2025-12-05,Zone_1,14.49,58.73,0,247.49
2025-12-05,Zone_2,16.4,77.02,0,336.97
2025-12-05,Zone_3,11.63,59.96,1,425.48
2025-12-05,Zone_4,18.97,69.73,0,423.3
2025-12-05,Zone_5,15.75,47.14,0,453.25
2025-12-06,Zone_1,16.27,47.09,0,290.8
2025-12-06,Zone_2,14.94,65.04,0,334.54
2025-12-06,Zone_3,15.84,74.82,0,364.28
2025-12-06,Zone_4,16.55,59.02,0,416.13
2025-12-06,Zone_5,14.94,69.66,0,506.81
2025-12-07,Zone_1,16.81,57.71,0,283.84
2025-12-07,Zone_2,12.53,65.72,0,303.24
2025-12-07,Zone_3,18.53,55.33,1,458.95
2025-12-07,Zone_4,13.8,36.74,0,402.58
2025-12-07,Zone_5,16.1,56.74,0,487.01
2025-12-08,Zone_1,14.99,59.36,0,302.93
2025-12-08,Zone_2,13.22,69.02,0,315.37
2025-12-08,Zone_3,14.79,60.34,0,389.27
2025-12-08,Zone_4,15.44,69.7,0,420.77
2025-12-08,Zone_5,13.5,71.41,0,452.6
2025-12-09,Zone_1,14.75,61.24,0,288.01
2025-12-09,Zone_2,15.86,75.13,0,312.53
2025-12-09,Zone_3,14.44,55.17,0,329.49
2025-12-09,Zone_4,18.13,88.61,0,454.66
2025-12-09,Zone_5,18.22,50.9,0,474.41
2025-12-10,Zone_1,17.81,39.36,0,288.19
2025-12-10,Zone_2,17.71,84.98,0,373.76
2025-12-10,Zone_3,15.85,51.47,0,377.1
2025-12-10,Zone_4,18.22,66.64,0,447.43
2025-12-10,Zone_5,14.74,42.55,0,447.07
2025-12-11,Zone_1,17.34,46.3,1,329.8
2025-12-11,Zone_2,20.04,55.84,1,430.1
2025-12-11,Zone_3,19.0,64.91,0,400.82
2025-12-11,Zone_4,15.07,73.05,0,400.15
2025-12-11,Zone_5,14.94,56.94,0,485.09
2025-12-12,Zone_1,21.71,60.68,0,329.47
2025-12-12,Zone_2,15.93,59.25,0,345.32
2025-12-12,Zone_3,13.14,58.03,0,391.79
2025-12-12,Zone_4,16.66,51.98,1,497.0
2025-12-12,Zone_5,17.03,65.77,0,470.76
2025-12-13,Zone_1,19.87,72.55,0,305.56
2025-12-13,Zone_2,17.89,68.78,0,317.77
2025-12-13,Zone_3,15.75,49.77,0,307.06
2025-12-13,Zone_4,19.18,44.46,0,461.1
2025-12-13,Zone_5,17.57,65.82,0,463.58
2025-12-14,Zone_1,16.92,50.2,0,288.95
2025-12-14,Zone_2,16.73,71.12,0,360.12
2025-12-14,Zone_3,17.91,74.18,0,384.06
2025-12-14,Zone_4,16.91,67.07,0,445.9
2025-12-14,Zone_5,17.98,47.05,0,481.88
2025-12-15,Zone_1,21.4,55.3,0,264.23
2025-12-15,Zone_2,17.56,48.49,0,307.62
2025-12-15,Zone_3,16.54,62.45,0,401.79
2025-12-15,Zone_4,11.41,56.91,0,443.58
2025-12-15,Zone_5,15.36,62.69,0,436.73
2025-12-16,Zone_1,14.8,65.14,0,307.97
2025-12-16,Zone_2,16.27,53.92,0,336.21
2025-12-16,Zone_3,11.93,64.92,0,348.35
2025-12-16,Zone_4,17.16,42.98,1,522.36
2025-12-16,Zone_5,13.88,62.04,0,456.86
2025-12-17,Zone_1,18.81,69.63,0,313.77
2025-12-17,Zone_2,17.13,59.99,1,423.41
2025-12-17,Zone_3,19.63,83.65,0,401.92
2025-12-17,Zone_4,14.2,50.86,1,455.45
2025-12-17,Zone_5,16.14,39.5,0,498.46
2025-12-18,Zone_1,18.43,62.33,0,263.77
2025-12-18,Zone_2,16.83,52.38,0,321.15
2025-12-18,Zone_3,16.94,53.29,0,380.15
2025-12-18,Zone_4,16.82,59.59,0,398.66
2025-12-18,Zone_5,16.43,65.97,0,459.55
2025-12-19,Zone_1,18.89,50.63,0,295.16
2025-12-19,Zone_2,19.95,63.47,0,327.88
2025-12-19,Zone_3,15.24,75.36,1,468.03
2025-12-19,Zone_4,17.61,57.23,0,441.14
2025-12-19,Zone_5,19.51,32.92,0,466.05
2025-12-20,Zone_1,14.49,61.07,0,272.13
2025-12-20,Zone_2,18.43,53.34,0,334.84
2025-12-20,Zone_3,17.78,61.58,0,390.31
2025-12-20,Zone_4,18.01,51.03,0,439.08
2025-12-20,Zone_5,16.97,59.05,1,538.2
2025-12-21,Zone_1,18.15,61.43,0,270.58
2025-12-21,Zone_2,14.56,48.88,1,378.81
2025-12-21,Zone_3,19.06,52.97,0,399.17
2025-12-21,Zone_4,18.48,51.28,0,419.31
2025-12-21,Zone_5,20.11,71.27,0,494.36
2025-12-22,Zone_1,19.89,58.37,0,312.56
2025-12-22,Zone_2,17.79,48.37,0,326.63
2025-12-22,Zone_3,17.5,66.85,0,407.32
2025-12-22,Zone_4,21.16,62.85,0,428.28
2025-12-22,Zone_5,17.48,59.24,0,502.09
2025-12-23,Zone_1,21.95,68.6,0,278.86
2025-12-23,Zone_2,21.78,74.12,0,353.67
2025-12-23,Zone_3,16.84,57.77,1,464.49
2025-12-23,Zone_4,17.05,42.83,0,390.99
2025-12-23,Zone_5,18.75,53.2,0,475.22
2025-12-24,Zone_1,19.39,62.91,0,304.41
2025-12-24,Zone_2,24.5,49.72,1,425.97
2025-12-24,Zone_3,20.47,52.87,0,357.7
2025-12-24,Zone_4,16.62,50.78,0,429.35
2025-12-24,Zone_5,17.64,55.13,0,459.96
2025-12-25,Zone_1,20.59,52.34,0,283.98
2025-12-25,Zone_2,15.79,70.71,0,331.01
2025-12-25,Zone_3,22.93,61.58,0,399.52
2025-12-25,Zone_4,18.77,62.4,0,445.66
2025-12-25,Zone_5,14.55,64.14,0,456.68
2025-12-26,Zone_1,22.59,67.19,0,309.89
2025-12-26,Zone_2,14.53,48.32,0,332.35
2025-12-26,Zone_3,16.37,57.85,1,477.89
2025-12-26,Zone_4,21.37,60.09,0,413.68
2025-12-26,Zone_5,20.4,55.78,0,503.21
2025-12-27,Zone_1,16.94,66.87,0,251.84
2025-12-27,Zone_2,17.74,65.38,0,346.98
2025-12-27,Zone_3,22.22,75.72,0,371.71
2025-12-27,Zone_4,18.04,62.63,0,401.36
2025-12-27,Zone_5,17.41,58.73,0,469.21
2025-12-28,Zone_1,18.14,45.76,0,268.17
2025-12-28,Zone_2,17.64,38.93,0,312.99
2025-12-28,Zone_3,18.5,58.26,0,404.67
2025-12-28,Zone_4,19.31,54.56,0,470.53
2025-12-28,Zone_5,20.32,54.46,0,473.76
2025-12-29,Zone_1,16.49,59.88,0,262.14
2025-12-29,Zone_2,18.64,62.93,0,373.9
2025-12-29,Zone_3,20.26,48.23,0,350.45
2025-12-29,Zone_4,21.08,59.19,0,440.42
2025-12-29,Zone_5,23.23,51.49,0,495.66
2025-12-30,Zone_1,19.04,64.43,0,291.37
2025-12-30,Zone_2,24.72,50.06,1,418.91
2025-12-30,Zone_3,21.56,52.12,0,373.31
2025-12-30,Zone_4,19.7,76.94,0,464.57
2025-12-30,Zone_5,20.9,69.74,0,472.58
2025-12-31,Zone_1,23.69,62.57,0,262.69
2025-12-31,Zone_2,19.74,52.15,0,349.51
2025-12-31,Zone_3,20.65,66.67,0,383.21
2025-12-31,Zone_4,17.44,51.67,0,417.05
2025-12-31,Zone_5,19.23,43.73,0,478.59
